{
  "type": "FeatureCollection",
  "crs": {
    "type": "name",
    "properties": {
      "name": "urn:ogc:def:crs:OGC:1.3:CRS84"
    }
  },
  "features": [
    {
      "type": "Feature",
      "geometry": {
        "type": "Polygon",
        "coordinates": [
          [
            [
              5.9151877746872055,
              55.5435420385015
            ],
            [
              5.915996258442913,
              55.5435420385015
            ],
            [
              5.915996258442913,
              55.54300304933103
            ],
            [
              5.9151877746872055,
              55.54300304933103
            ],
            [
              5.9151877746872055,
              55.5435420385015
            ]
          ]
        ]
      },
      "properties": {
        "component_id": 1,
        "pixel_count": 50,
        "centroid_x": 5.915638728959834,
        "centroid_y": 55.54330308663592,
        "bbox_min_x": 5.9151877746872055,
        "bbox_min_y": 55.54300304933103,
        "bbox_max_x": 5.915996258442913,
        "bbox_max_y": 55.5435420385015,
        "area_km2": 0.0028,
        "georeferenced": true
      }
    },
    {
      "type": "Feature",
      "geometry": {
        "type": "Polygon",
        "coordinates": [
          [
            [
              6.074009916919537,
              55.543452206973086
            ],
            [
              6.075626884430952,
              55.543452206973086
            ],
            [
              6.075626884430952,
              55.54237422863214
            ],
            [
              6.074009916919537,
              55.54237422863214
            ],
            [
              6.074009916919537,
              55.543452206973086
            ]
          ]
        ]
      },
      "properties": {
        "component_id": 2,
        "pixel_count": 89,
        "centroid_x": 6.074755821408261,
        "centroid_y": 55.542844582477535,
        "bbox_min_x": 6.074009916919537,
        "bbox_min_y": 55.54237422863214,
        "bbox_max_x": 6.075626884430952,
        "bbox_max_y": 55.543452206973086,
        "area_km2": 0.005,
        "georeferenced": true
      }
    },
    {
      "type": "Feature",
      "geometry": {
        "type": "Polygon",
        "coordinates": [
          [
            [
              5.970973153831028,
              55.54336237544467
            ],
            [
              5.971871469115148,
              55.54336237544467
            ],
            [
              5.971871469115148,
              55.542733554745794
            ],
            [
              5.970973153831028,
              55.542733554745794
            ],
            [
              5.970973153831028,
              55.54336237544467
            ]
          ]
        ]
      },
      "properties": {
        "component_id": 3,
        "pixel_count": 52,
        "centroid_x": 5.971377395708882,
        "centroid_y": 55.54304969262463,
        "bbox_min_x": 5.970973153831028,
        "bbox_min_y": 55.542733554745794,
        "bbox_max_x": 5.971871469115148,
        "bbox_max_y": 55.54336237544467,
        "area_km2": 0.0029,
        "georeferenced": true
      }
    },
    {
      "type": "Feature",
      "geometry": {
        "type": "Polygon",
        "coordinates": [
          [
            [
              6.076974357357131,
              55.54327254391627
            ],
            [
              6.077962504169663,
              55.54327254391627
            ],
            [
              6.077962504169663,
              55.542464060160555
            ],
            [
              6.076974357357131,
              55.542464060160555
            ],
            [
              6.076974357357131,
              55.54327254391627
            ]
          ]
        ]
      },
      "properties": {
        "component_id": 4,
        "pixel_count": 64,
        "centroid_x": 6.077476852469186,
        "centroid_y": 55.5428009283921,
        "bbox_min_x": 6.076974357357131,
        "bbox_min_y": 55.542464060160555,
        "bbox_max_x": 6.077962504169663,
        "bbox_max_y": 55.54327254391627,
        "area_km2": 0.0036,
        "georeferenced": true
      }
    },
    {
      "type": "Feature",
      "geometry": {
        "type": "Polygon",
        "coordinates": [
          [
            [
              6.032597582321627,
              55.54300304933103
            ],
            [
              6.034304381361454,
              55.54300304933103
            ],
            [
              6.034304381361454,
              55.54183523946167
            ],
            [
              6.032597582321627,
              55.54183523946167
            ],
            [
              6.032597582321627,
              55.54300304933103
            ]
          ]
        ]
      },
      "properties": {
        "component_id": 5,
        "pixel_count": 109,
        "centroid_x": 6.033437383490909,
        "centroid_y": 55.54235692164043,
        "bbox_min_x": 6.032597582321627,
        "bbox_min_y": 55.54183523946167,
        "bbox_max_x": 6.034304381361454,
        "bbox_max_y": 55.54300304933103,
        "area_km2": 0.0062,
        "georeferenced": true
      }
    },
    {
      "type": "Feature",
      "geometry": {
        "type": "Polygon",
        "coordinates": [
          [
            [
              6.060265693072509,
              55.542733554745794
            ],
            [
              6.061433502941864,
              55.542733554745794
            ],
            [
              6.061433502941864,
              55.54219456557532
            ],
            [
              6.060265693072509,
              55.54219456557532
            ],
            [
              6.060265693072509,
              55.542733554745794
            ]
          ]
        ]
      },
      "properties": {
        "component_id": 6,
        "pixel_count": 65,
        "centroid_x": 6.060812974384064,
        "centroid_y": 55.54248202646624,
        "bbox_min_x": 6.060265693072509,
        "bbox_min_y": 55.54219456557532,
        "bbox_max_x": 6.061433502941864,
        "bbox_max_y": 55.542733554745794,
        "area_km2": 0.0037,
        "georeferenced": true
      }
    },
    {
      "type": "Feature",
      "geometry": {
        "type": "Polygon",
        "coordinates": [
          [
            [
              6.0479587736800715,
              55.542464060160555
            ],
            [
              6.049485909663074,
              55.542464060160555
            ],
            [
              6.049485909663074,
              55.54192507099008
            ],
            [
              6.0479587736800715,
              55.54192507099008
            ],
            [
              6.0479587736800715,
              55.542464060160555
            ]
          ]
        ]
      },
      "properties": {
        "component_id": 7,
        "pixel_count": 60,
        "centroid_x": 6.048714855710871,
        "centroid_y": 55.54219905715174,
        "bbox_min_x": 6.0479587736800715,
        "bbox_min_y": 55.54192507099008,
        "bbox_max_x": 6.049485909663074,
        "bbox_max_y": 55.542464060160555,
        "area_km2": 0.0034,
        "georeferenced": true
      }
    },
    {
      "type": "Feature",
      "geometry": {
        "type": "Polygon",
        "coordinates": [
          [
            [
              6.062511481282807,
              55.54237422863214
            ],
            [
              6.063589459623751,
              55.54237422863214
            ],
            [
              6.063589459623751,
              55.541565744876436
            ],
            [
              6.062511481282807,
              55.541565744876436
            ],
            [
              6.062511481282807,
              55.54237422863214
            ]
          ]
        ]
      },
      "properties": {
        "component_id": 8,
        "pixel_count": 57,
        "centroid_x": 6.0630221026022015,
        "centroid_y": 55.542010174543314,
        "bbox_min_x": 6.062511481282807,
        "bbox_min_y": 55.541565744876436,
        "bbox_max_x": 6.063589459623751,
        "bbox_max_y": 55.54237422863214,
        "area_km2": 0.0032,
        "georeferenced": true
      }
    },
    {
      "type": "Feature",
      "geometry": {
        "type": "Polygon",
        "coordinates": [
          [
            [
              5.999449748337617,
              55.542014902518495
            ],
            [
              6.000707389735385,
              55.542014902518495
            ],
            [
              6.000707389735385,
              55.54111658723438
            ],
            [
              5.999449748337617,
              55.54111658723438
            ],
            [
              5.999449748337617,
              55.542014902518495
            ]
          ]
        ]
      },
      "properties": {
        "component_id": 9,
        "pixel_count": 79,
        "centroid_x": 6.000150206837639,
        "centroid_y": 55.54157939017189,
        "bbox_min_x": 5.999449748337617,
        "bbox_min_y": 55.54111658723438,
        "bbox_max_x": 6.000707389735385,
        "bbox_max_y": 55.542014902518495,
        "area_km2": 0.0045,
        "georeferenced": true
      }
    },
    {
      "type": "Feature",
      "geometry": {
        "type": "Polygon",
        "coordinates": [
          [
            [
              5.9221048023749265,
              55.54183523946167
            ],
            [
              5.922823454602222,
              55.54183523946167
            ],
            [
              5.922823454602222,
              55.54111658723438
            ],
            [
              5.9221048023749265,
              55.54111658723438
            ],
            [
              5.9221048023749265,
              55.54183523946167
            ]
          ]
        ]
      },
      "properties": {
        "component_id": 10,
        "pixel_count": 50,
        "centroid_x": 5.922471315010847,
        "centroid_y": 55.54151184595939,
        "bbox_min_x": 5.9221048023749265,
        "bbox_min_y": 55.54111658723438,
        "bbox_max_x": 5.922823454602222,
        "bbox_max_y": 55.54183523946167,
        "area_km2": 0.0028,
        "georeferenced": true
      }
    },
    {
      "type": "Feature",
      "geometry": {
        "type": "Polygon",
        "coordinates": [
          [
            [
              5.945460999762034,
              55.54183523946167
            ],
            [
              5.946718641159801,
              55.54183523946167
            ],
            [
              5.946718641159801,
              55.541296250291204
            ],
            [
              5.945460999762034,
              55.541296250291204
            ],
            [
              5.945460999762034,
              55.54183523946167
            ]
          ]
        ]
      },
      "properties": {
        "component_id": 11,
        "pixel_count": 53,
        "centroid_x": 5.946011853473994,
        "centroid_y": 55.541540320858964,
        "bbox_min_x": 5.945460999762034,
        "bbox_min_y": 55.541296250291204,
        "bbox_max_x": 5.946718641159801,
        "bbox_max_y": 55.54183523946167,
        "area_km2": 0.003,
        "georeferenced": true
      }
    },
    {
      "type": "Feature",
      "geometry": {
        "type": "Polygon",
        "coordinates": [
          [
            [
              5.970883322302616,
              55.54165557640485
            ],
            [
              5.972410458285619,
              55.54165557640485
            ],
            [
              5.972410458285619,
              55.54093692417755
            ],
            [
              5.970883322302616,
              55.54093692417755
            ],
            [
              5.970883322302616,
              55.54165557640485
            ]
          ]
        ]
      },
      "properties": {
        "component_id": 12,
        "pixel_count": 106,
        "centroid_x": 5.971602821997161,
        "centroid_y": 55.541301335094694,
        "bbox_min_x": 5.970883322302616,
        "bbox_min_y": 55.54093692417755,
        "bbox_max_x": 5.972410458285619,
        "bbox_max_y": 55.54165557640485,
        "area_km2": 0.006,
        "georeferenced": true
      }
    },
    {
      "type": "Feature",
      "geometry": {
        "type": "Polygon",
        "coordinates": [
          [
            [
              6.025500891577083,
              55.54147591334802
            ],
            [
              6.026489038389615,
              55.54147591334802
            ],
            [
              6.026489038389615,
              55.54048776653549
            ],
            [
              6.025500891577083,
              55.54048776653549
            ],
            [
              6.025500891577083,
              55.54147591334802
            ]
          ]
        ]
      },
      "properties": {
        "component_id": 13,
        "pixel_count": 85,
        "centroid_x": 6.025920457656842,
        "centroid_y": 55.54099399361913,
        "bbox_min_x": 6.025500891577083,
        "bbox_min_y": 55.54048776653549,
        "bbox_max_x": 6.026489038389615,
        "bbox_max_y": 55.54147591334802,
        "area_km2": 0.0048,
        "georeferenced": true
      }
    },
    {
      "type": "Feature",
      "geometry": {
        "type": "Polygon",
        "coordinates": [
          [
            [
              5.935399868579895,
              55.54138608181961
            ],
            [
              5.937286330676546,
              55.54138608181961
            ],
            [
              5.937286330676546,
              55.540577598063905
            ],
            [
              5.935399868579895,
              55.540577598063905
            ],
            [
              5.935399868579895,
              55.54138608181961
            ]
          ]
        ]
      },
      "properties": {
        "component_id": 14,
        "pixel_count": 102,
        "centroid_x": 5.9365218819837855,
        "centroid_y": 55.54094837329392,
        "bbox_min_x": 5.935399868579895,
        "bbox_min_y": 55.540577598063905,
        "bbox_max_x": 5.937286330676546,
        "bbox_max_y": 55.54138608181961,
        "area_km2": 0.0058,
        "georeferenced": true
      }
    },
    {
      "type": "Feature",
      "geometry": {
        "type": "Polygon",
        "coordinates": [
          [
            [
              6.033226403020511,
              55.54075726112073
            ],
            [
              6.034484044418278,
              55.54075726112073
            ],
            [
              6.034484044418278,
              55.54030810347867
            ],
            [
              6.033226403020511,
              55.54030810347867
            ],
            [
              6.033226403020511,
              55.54075726112073
            ]
          ]
        ]
      },
      "properties": {
        "component_id": 15,
        "pixel_count": 53,
        "centroid_x": 6.033733188435514,
        "centroid_y": 55.540508105749474,
        "bbox_min_x": 6.033226403020511,
        "bbox_min_y": 55.54030810347867,
        "bbox_max_x": 6.034484044418278,
        "bbox_max_y": 55.54075726112073,
        "area_km2": 0.003,
        "georeferenced": true
      }
    },
    {
      "type": "Feature",
      "geometry": {
        "type": "Polygon",
        "coordinates": [
          [
            [
              6.080657450022022,
              55.54075726112073
            ],
            [
              6.081645596834553,
              55.54075726112073
            ],
            [
              6.081645596834553,
              55.540128440421846
            ],
            [
              6.080657450022022,
              55.540128440421846
            ],
            [
              6.080657450022022,
              55.54075726112073
            ]
          ]
        ]
      },
      "properties": {
        "component_id": 16,
        "pixel_count": 61,
        "centroid_x": 6.081146369160264,
        "centroid_y": 55.5404023529511,
        "bbox_min_x": 6.080657450022022,
        "bbox_min_y": 55.540128440421846,
        "bbox_max_x": 6.081645596834553,
        "bbox_max_y": 55.54075726112073,
        "area_km2": 0.0035,
        "georeferenced": true
      }
    },
    {
      "type": "Feature",
      "geometry": {
        "type": "Polygon",
        "coordinates": [
          [
            [
              6.01337363524147,
              55.53967928277979
            ],
            [
              6.014182118997177,
              55.53967928277979
            ],
            [
              6.014182118997177,
              55.53878096749567
            ],
            [
              6.01337363524147,
              55.53878096749567
            ],
            [
              6.01337363524147,
              55.53967928277979
            ]
          ]
        ]
      },
      "properties": {
        "component_id": 17,
        "pixel_count": 57,
        "centroid_x": 6.013718777429578,
        "centroid_y": 55.539140293609314,
        "bbox_min_x": 6.01337363524147,
        "bbox_min_y": 55.53878096749567,
        "bbox_max_x": 6.014182118997177,
        "bbox_max_y": 55.53967928277979,
        "area_km2": 0.0032,
        "georeferenced": true
      }
    },
    {
      "type": "Feature",
      "geometry": {
        "type": "Polygon",
        "coordinates": [
          [
            [
              5.949323755483747,
              55.539140293609314
            ],
            [
              5.950581396881515,
              55.539140293609314
            ],
            [
              5.950581396881515,
              55.538691135967255
            ],
            [
              5.949323755483747,
              55.538691135967255
            ],
            [
              5.949323755483747,
              55.539140293609314
            ]
          ]
        ]
      },
      "properties": {
        "component_id": 18,
        "pixel_count": 56,
        "centroid_x": 5.949926910031657,
        "centroid_y": 55.53893656853595,
        "bbox_min_x": 5.949323755483747,
        "bbox_min_y": 55.538691135967255,
        "bbox_max_x": 5.950581396881515,
        "bbox_max_y": 55.539140293609314,
        "area_km2": 0.0032,
        "georeferenced": true
      }
    },
    {
      "type": "Feature",
      "geometry": {
        "type": "Polygon",
        "coordinates": [
          [
            [
              6.066733563118169,
              55.538421641382016
            ],
            [
              6.068081036044348,
              55.538421641382016
            ],
            [
              6.068081036044348,
              55.53761315762631
            ],
            [
              6.066733563118169,
              55.53761315762631
            ],
            [
              6.066733563118169,
              55.538421641382016
            ]
          ]
        ]
      },
      "properties": {
        "component_id": 19,
        "pixel_count": 88,
        "centroid_x": 6.067381779260687,
        "centroid_y": 55.538094981278704,
        "bbox_min_x": 6.066733563118169,
        "bbox_min_y": 55.53761315762631,
        "bbox_max_x": 6.068081036044348,
        "bbox_max_y": 55.538421641382016,
        "area_km2": 0.005,
        "georeferenced": true
      }
    },
    {
      "type": "Feature",
      "geometry": {
        "type": "Polygon",
        "coordinates": [
          [
            [
              5.918242046653212,
              55.53833180985361
            ],
            [
              5.919230193465744,
              55.53833180985361
            ],
            [
              5.919230193465744,
              55.53761315762631
            ],
            [
              5.918242046653212,
              55.53761315762631
            ],
            [
              5.918242046653212,
              55.53833180985361
            ]
          ]
        ]
      },
      "properties": {
        "component_id": 20,
        "pixel_count": 59,
        "centroid_x": 5.918613553313086,
        "centroid_y": 55.53798923199102,
        "bbox_min_x": 5.918242046653212,
        "bbox_min_y": 55.53761315762631,
        "bbox_max_x": 5.919230193465744,
        "bbox_max_y": 55.53833180985361,
        "area_km2": 0.0033,
        "georeferenced": true
      }
    },
    {
      "type": "Feature",
      "geometry": {
        "type": "Polygon",
        "coordinates": [
          [
            [
              6.072931938578594,
              55.53833180985361
            ],
            [
              6.074099748447949,
              55.53833180985361
            ],
            [
              6.074099748447949,
              55.53734366304108
            ],
            [
              6.072931938578594,
              55.53734366304108
            ],
            [
              6.072931938578594,
              55.53833180985361
            ]
          ]
        ]
      },
      "properties": {
        "component_id": 21,
        "pixel_count": 94,
        "centroid_x": 6.0735005530403505,
        "centroid_y": 55.537832958174555,
        "bbox_min_x": 6.072931938578594,
        "bbox_min_y": 55.53734366304108,
        "bbox_max_x": 6.074099748447949,
        "bbox_max_y": 55.53833180985361,
        "area_km2": 0.0053,
        "georeferenced": true
      }
    },
    {
      "type": "Feature",
      "geometry": {
        "type": "Polygon",
        "coordinates": [
          [
            [
              6.007624417423105,
              55.53734366304108
            ],
            [
              6.008702395764048,
              55.53734366304108
            ],
            [
              6.008702395764048,
              55.53662501081378
            ],
            [
              6.007624417423105,
              55.53662501081378
            ],
            [
              6.007624417423105,
              55.53734366304108
            ]
          ]
        ]
      },
      "properties": {
        "component_id": 22,
        "pixel_count": 56,
        "centroid_x": 6.008094428812831,
        "centroid_y": 55.5369875451963,
        "bbox_min_x": 6.007624417423105,
        "bbox_min_y": 55.53662501081378,
        "bbox_max_x": 6.008702395764048,
        "bbox_max_y": 55.53734366304108,
        "area_km2": 0.0032,
        "georeferenced": true
      }
    },
    {
      "type": "Feature",
      "geometry": {
        "type": "Polygon",
        "coordinates": [
          [
            [
              5.902341866124297,
              55.536984336927425
            ],
            [
              5.9047673173914195,
              55.536984336927425
            ],
            [
              5.9047673173914195,
              55.53626568470013
            ],
            [
              5.902341866124297,
              55.53626568470013
            ],
            [
              5.902341866124297,
              55.536984336927425
            ]
          ]
        ]
      },
      "properties": {
        "component_id": 23,
        "pixel_count": 122,
        "centroid_x": 5.903608343410104,
        "centroid_y": 55.53660954800971,
        "bbox_min_x": 5.902341866124297,
        "bbox_min_y": 55.53626568470013,
        "bbox_max_x": 5.9047673173914195,
        "bbox_max_y": 55.536984336927425,
        "area_km2": 0.0069,
        "georeferenced": true
      }
    },
    {
      "type": "Feature",
      "geometry": {
        "type": "Polygon",
        "coordinates": [
          [
            [
              6.071135308010355,
              55.53662501081378
            ],
            [
              6.072123454822886,
              55.53662501081378
            ],
            [
              6.072123454822886,
              55.53590635858648
            ],
            [
              6.071135308010355,
              55.53590635858648
            ],
            [
              6.071135308010355,
              55.53662501081378
            ]
          ]
        ]
      },
      "properties": {
        "component_id": 24,
        "pixel_count": 69,
        "centroid_x": 6.071568842777908,
        "centroid_y": 55.53623574085733,
        "bbox_min_x": 6.071135308010355,
        "bbox_min_y": 55.53590635858648,
        "bbox_max_x": 6.072123454822886,
        "bbox_max_y": 55.53662501081378,
        "area_km2": 0.0039,
        "georeferenced": true
      }
    },
    {
      "type": "Feature",
      "geometry": {
        "type": "Polygon",
        "coordinates": [
          [
            [
              6.065655584777225,
              55.536535179285366
            ],
            [
              6.068170867572761,
              55.536535179285366
            ],
            [
              6.068170867572761,
              55.535547032472834
            ],
            [
              6.065655584777225,
              55.535547032472834
            ],
            [
              6.065655584777225,
              55.536535179285366
            ]
          ]
        ]
      },
      "properties": {
        "component_id": 25,
        "pixel_count": 177,
        "centroid_x": 6.06695738065506,
        "centroid_y": 55.53609769466677,
        "bbox_min_x": 6.065655584777225,
        "bbox_min_y": 55.535547032472834,
        "bbox_max_x": 6.068170867572761,
        "bbox_max_y": 55.536535179285366,
        "area_km2": 0.01,
        "georeferenced": true
      }
    },
    {
      "type": "Feature",
      "geometry": {
        "type": "Polygon",
        "coordinates": [
          [
            [
              5.977890181518749,
              55.53608602164331
            ],
            [
              5.980046138200636,
              55.53608602164331
            ],
            [
              5.980046138200636,
              55.53473854871713
            ],
            [
              5.977890181518749,
              55.53473854871713
            ],
            [
              5.977890181518749,
              55.53608602164331
            ]
          ]
        ]
      },
      "properties": {
        "component_id": 26,
        "pixel_count": 162,
        "centroid_x": 5.9791239787453945,
        "centroid_y": 55.5353962042276,
        "bbox_min_x": 5.977890181518749,
        "bbox_min_y": 55.53473854871713,
        "bbox_max_x": 5.980046138200636,
        "bbox_max_y": 55.53608602164331,
        "area_km2": 0.0092,
        "georeferenced": true
      }
    },
    {
      "type": "Feature",
      "geometry": {
        "type": "Polygon",
        "coordinates": [
          [
            [
              5.916355584556562,
              55.53545720094442
            ],
            [
              5.9174335628975046,
              55.53545720094442
            ],
            [
              5.9174335628975046,
              55.53482838024554
            ],
            [
              5.916355584556562,
              55.53482838024554
            ],
            [
              5.916355584556562,
              55.53545720094442
            ]
          ]
        ]
      },
      "properties": {
        "component_id": 27,
        "pixel_count": 50,
        "centroid_x": 5.916849657962827,
        "centroid_y": 55.53510326472248,
        "bbox_min_x": 5.916355584556562,
        "bbox_min_y": 55.53482838024554,
        "bbox_max_x": 5.9174335628975046,
        "bbox_max_y": 55.53545720094442,
        "area_km2": 0.0028,
        "georeferenced": true
      }
    },
    {
      "type": "Feature",
      "geometry": {
        "type": "Polygon",
        "coordinates": [
          [
            [
              6.066464068532933,
              55.53491821177395
            ],
            [
              6.068081036044348,
              55.53491821177395
            ],
            [
              6.068081036044348,
              55.53419955954666
            ],
            [
              6.066464068532933,
              55.53419955954666
            ],
            [
              6.066464068532933,
              55.53491821177395
            ]
          ]
        ]
      },
      "properties": {
        "component_id": 28,
        "pixel_count": 90,
        "centroid_x": 6.067360387560866,
        "centroid_y": 55.53452694556131,
        "bbox_min_x": 6.066464068532933,
        "bbox_min_y": 55.53419955954666,
        "bbox_max_x": 6.068081036044348,
        "bbox_max_y": 55.53491821177395,
        "area_km2": 0.0051,
        "georeferenced": true
      }
    },
    {
      "type": "Feature",
      "geometry": {
        "type": "Polygon",
        "coordinates": [
          [
            [
              5.9406999287562,
              55.53473854871713
            ],
            [
              5.941777907097143,
              55.53473854871713
            ],
            [
              5.941777907097143,
              55.53384023343301
            ],
            [
              5.9406999287562,
              55.53384023343301
            ],
            [
              5.9406999287562,
              55.53473854871713
            ]
          ]
        ]
      },
      "properties": {
        "component_id": 29,
        "pixel_count": 51,
        "centroid_x": 5.941326988052566,
        "centroid_y": 55.53420132094917,
        "bbox_min_x": 5.9406999287562,
        "bbox_min_y": 55.53384023343301,
        "bbox_max_x": 5.941777907097143,
        "bbox_max_y": 55.53473854871713,
        "area_km2": 0.0029,
        "georeferenced": true
      }
    },
    {
      "type": "Feature",
      "geometry": {
        "type": "Polygon",
        "coordinates": [
          [
            [
              5.922374296960162,
              55.534648717188716
            ],
            [
              5.923272612244282,
              55.534648717188716
            ],
            [
              5.923272612244282,
              55.5337504019046
            ],
            [
              5.922374296960162,
              55.5337504019046
            ],
            [
              5.922374296960162,
              55.534648717188716
            ]
          ]
        ]
      },
      "properties": {
        "component_id": 30,
        "pixel_count": 62,
        "centroid_x": 5.922804618959168,
        "centroid_y": 55.53417203052989,
        "bbox_min_x": 5.922374296960162,
        "bbox_min_y": 55.5337504019046,
        "bbox_max_x": 5.923272612244282,
        "bbox_max_y": 55.534648717188716,
        "area_km2": 0.0035,
        "georeferenced": true
      }
    },
    {
      "type": "Feature",
      "geometry": {
        "type": "Polygon",
        "coordinates": [
          [
            [
              5.949683081597396,
              55.534379222603484
            ],
            [
              5.9509407229951625,
              55.534379222603484
            ],
            [
              5.9509407229951625,
              55.5337504019046
            ],
            [
              5.949683081597396,
              55.5337504019046
            ],
            [
              5.949683081597396,
              55.534379222603484
            ]
          ]
        ]
      },
      "properties": {
        "component_id": 31,
        "pixel_count": 58,
        "centroid_x": 5.95037850153286,
        "centroid_y": 55.53408184926805,
        "bbox_min_x": 5.949683081597396,
        "bbox_min_y": 55.5337504019046,
        "bbox_max_x": 5.9509407229951625,
        "bbox_max_y": 55.534379222603484,
        "area_km2": 0.0033,
        "georeferenced": true
      }
    },
    {
      "type": "Feature",
      "geometry": {
        "type": "Polygon",
        "coordinates": [
          [
            [
              6.049845235776722,
              55.534379222603484
            ],
            [
              6.051013045646077,
              55.534379222603484
            ],
            [
              6.051013045646077,
              55.53357073884777
            ],
            [
              6.049845235776722,
              55.53357073884777
            ],
            [
              6.049845235776722,
              55.534379222603484
            ]
          ]
        ]
      },
      "properties": {
        "component_id": 32,
        "pixel_count": 55,
        "centroid_x": 6.050362992040478,
        "centroid_y": 55.53396273097175,
        "bbox_min_x": 6.049845235776722,
        "bbox_min_y": 55.53357073884777,
        "bbox_max_x": 6.051013045646077,
        "bbox_max_y": 55.534379222603484,
        "area_km2": 0.0031,
        "georeferenced": true
      }
    },
    {
      "type": "Feature",
      "geometry": {
        "type": "Polygon",
        "coordinates": [
          [
            [
              5.977261360819865,
              55.53428939107507
            ],
            [
              5.978788496802868,
              55.53428939107507
            ],
            [
              5.978788496802868,
              55.53276225509207
            ],
            [
              5.977261360819865,
              55.53276225509207
            ],
            [
              5.977261360819865,
              55.53428939107507
            ]
          ]
        ]
      },
      "properties": {
        "component_id": 33,
        "pixel_count": 168,
        "centroid_x": 5.977943117955134,
        "centroid_y": 55.53361137692015,
        "bbox_min_x": 5.977261360819865,
        "bbox_min_y": 55.53276225509207,
        "bbox_max_x": 5.978788496802868,
        "bbox_max_y": 55.53428939107507,
        "area_km2": 0.0095,
        "georeferenced": true
      }
    },
    {
      "type": "Feature",
      "geometry": {
        "type": "Polygon",
        "coordinates": [
          [
            [
              5.994598845803371,
              55.53401989648983
            ],
            [
              5.995317498030667,
              55.53401989648983
            ],
            [
              5.995317498030667,
              55.533211412734126
            ],
            [
              5.994598845803371,
              55.533211412734126
            ],
            [
              5.994598845803371,
              55.53401989648983
            ]
          ]
        ]
      },
      "properties": {
        "component_id": 34,
        "pixel_count": 53,
        "centroid_x": 5.9948564758471194,
        "centroid_y": 55.533641926096706,
        "bbox_min_x": 5.994598845803371,
        "bbox_min_y": 55.533211412734126,
        "bbox_max_x": 5.995317498030667,
        "bbox_max_y": 55.53401989648983,
        "area_km2": 0.003,
        "georeferenced": true
      }
    },
    {
      "type": "Feature",
      "geometry": {
        "type": "Polygon",
        "coordinates": [
          [
            [
              5.990646258553245,
              55.533211412734126
            ],
            [
              5.992083563007837,
              55.533211412734126
            ],
            [
              5.992083563007837,
              55.53276225509207
            ],
            [
              5.990646258553245,
              55.53276225509207
            ],
            [
              5.990646258553245,
              55.533211412734126
            ]
          ]
        ]
      },
      "properties": {
        "component_id": 35,
        "pixel_count": 52,
        "centroid_x": 5.991463379955916,
        "centroid_y": 55.533030022147905,
        "bbox_min_x": 5.990646258553245,
        "bbox_min_y": 55.53276225509207,
        "bbox_max_x": 5.992083563007837,
        "bbox_max_y": 55.533211412734126,
        "area_km2": 0.0029,
        "georeferenced": true
      }
    },
    {
      "type": "Feature",
      "geometry": {
        "type": "Polygon",
        "coordinates": [
          [
            [
              6.044904501714065,
              55.53213343439318
            ],
            [
              6.046162143111832,
              55.53213343439318
            ],
            [
              6.046162143111832,
              55.531504613694295
            ],
            [
              6.044904501714065,
              55.531504613694295
            ],
            [
              6.044904501714065,
              55.53213343439318
            ]
          ]
        ]
      },
      "properties": {
        "component_id": 36,
        "pixel_count": 58,
        "centroid_x": 6.045555005885324,
        "centroid_y": 55.53185000043285,
        "bbox_min_x": 6.044904501714065,
        "bbox_min_y": 55.531504613694295,
        "bbox_max_x": 6.046162143111832,
        "bbox_max_y": 55.53213343439318,
        "area_km2": 0.0033,
        "georeferenced": true
      }
    },
    {
      "type": "Feature",
      "geometry": {
        "type": "Polygon",
        "coordinates": [
          [
            [
              5.982741084052994,
              55.531055456052236
            ],
            [
              5.983819062393938,
              55.531055456052236
            ],
            [
              5.983819062393938,
              55.530336803824945
            ],
            [
              5.982741084052994,
              55.530336803824945
            ],
            [
              5.982741084052994,
              55.531055456052236
            ]
          ]
        ]
      },
      "properties": {
        "component_id": 37,
        "pixel_count": 60,
        "centroid_x": 5.9832351574592595,
        "centroid_y": 55.53070511309143,
        "bbox_min_x": 5.982741084052994,
        "bbox_min_y": 55.530336803824945,
        "bbox_max_x": 5.983819062393938,
        "bbox_max_y": 55.531055456052236,
        "area_km2": 0.0034,
        "georeferenced": true
      }
    },
    {
      "type": "Feature",
      "geometry": {
        "type": "Polygon",
        "coordinates": [
          [
            [
              6.062062323640747,
              55.53015714076812
            ],
            [
              6.063230133510103,
              55.53015714076812
            ],
            [
              6.063230133510103,
              55.52934865701241
            ],
            [
              6.062062323640747,
              55.52934865701241
            ],
            [
              6.062062323640747,
              55.53015714076812
            ]
          ]
        ]
      },
      "properties": {
        "component_id": 38,
        "pixel_count": 79,
        "centroid_x": 6.062645660021448,
        "centroid_y": 55.529739822148784,
        "bbox_min_x": 6.062062323640747,
        "bbox_min_y": 55.52934865701241,
        "bbox_max_x": 6.063230133510103,
        "bbox_max_y": 55.53015714076812,
        "area_km2": 0.0045,
        "georeferenced": true
      }
    },
    {
      "type": "Feature",
      "geometry": {
        "type": "Polygon",
        "coordinates": [
          [
            [
              5.939262624301609,
              55.529887646182885
            ],
            [
              5.940430434170964,
              55.529887646182885
            ],
            [
              5.940430434170964,
              55.52934865701241
            ],
            [
              5.939262624301609,
              55.52934865701241
            ],
            [
              5.939262624301609,
              55.529887646182885
            ]
          ]
        ]
      },
      "properties": {
        "component_id": 39,
        "pixel_count": 58,
        "centroid_x": 5.939848078055742,
        "centroid_y": 55.529605761042006,
        "bbox_min_x": 5.939262624301609,
        "bbox_min_y": 55.52934865701241,
        "bbox_max_x": 5.940430434170964,
        "bbox_max_y": 55.529887646182885,
        "area_km2": 0.0033,
        "georeferenced": true
      }
    },
    {
      "type": "Feature",
      "geometry": {
        "type": "Polygon",
        "coordinates": [
          [
            [
              5.98714282894518,
              55.529618151597646
            ],
            [
              5.988490301871359,
              55.529618151597646
            ],
            [
              5.988490301871359,
              55.529258825484
            ],
            [
              5.98714282894518,
              55.529258825484
            ],
            [
              5.98714282894518,
              55.529618151597646
            ]
          ]
        ]
      },
      "properties": {
        "component_id": 40,
        "pixel_count": 62,
        "centroid_x": 5.987722387192998,
        "centroid_y": 55.5294370396452,
        "bbox_min_x": 5.98714282894518,
        "bbox_min_y": 55.529258825484,
        "bbox_max_x": 5.988490301871359,
        "bbox_max_y": 55.529618151597646,
        "area_km2": 0.0035,
        "georeferenced": true
      }
    },
    {
      "type": "Feature",
      "geometry": {
        "type": "Polygon",
        "coordinates": [
          [
            [
              6.070416655783059,
              55.52728253185894
            ],
            [
              6.071314971067179,
              55.52728253185894
            ],
            [
              6.071314971067179,
              55.52665371116005
            ],
            [
              6.070416655783059,
              55.52665371116005
            ],
            [
              6.070416655783059,
              55.52728253185894
            ]
          ]
        ]
      },
      "properties": {
        "component_id": 41,
        "pixel_count": 53,
        "centroid_x": 6.070852253949132,
        "centroid_y": 55.526965579107745,
        "bbox_min_x": 6.070416655783059,
        "bbox_min_y": 55.52665371116005,
        "bbox_max_x": 6.071314971067179,
        "bbox_max_y": 55.52728253185894,
        "area_km2": 0.003,
        "georeferenced": true
      }
    },
    {
      "type": "Feature",
      "geometry": {
        "type": "Polygon",
        "coordinates": [
          [
            [
              5.9775308554051,
              55.526294385046405
            ],
            [
              5.978519002217632,
              55.526294385046405
            ],
            [
              5.978519002217632,
              55.52494691212023
            ],
            [
              5.9775308554051,
              55.52494691212023
            ],
            [
              5.9775308554051,
              55.526294385046405
            ]
          ]
        ]
      },
      "properties": {
        "component_id": 42,
        "pixel_count": 101,
        "centroid_x": 5.97802982062727,
        "centroid_y": 55.525640660557464,
        "bbox_min_x": 5.9775308554051,
        "bbox_min_y": 55.52494691212023,
        "bbox_max_x": 5.978519002217632,
        "bbox_max_y": 55.526294385046405,
        "area_km2": 0.0057,
        "georeferenced": true
      }
    },
    {
      "type": "Feature",
      "geometry": {
        "type": "Polygon",
        "coordinates": [
          [
            [
              6.02720769061691,
              55.52611472198958
            ],
            [
              6.0286449950715015,
              55.52611472198958
            ],
            [
              6.0286449950715015,
              55.52548590129069
            ],
            [
              6.02720769061691,
              55.52548590129069
            ],
            [
              6.02720769061691,
              55.52611472198958
            ]
          ]
        ]
      },
      "properties": {
        "component_id": 43,
        "pixel_count": 70,
        "centroid_x": 6.027948159072534,
        "centroid_y": 55.52577977871936,
        "bbox_min_x": 6.02720769061691,
        "bbox_min_y": 55.52548590129069,
        "bbox_max_x": 6.0286449950715015,
        "bbox_max_y": 55.52611472198958,
        "area_km2": 0.004,
        "georeferenced": true
      }
    },
    {
      "type": "Feature",
      "geometry": {
        "type": "Polygon",
        "coordinates": [
          [
            [
              5.939352455830021,
              55.52539606976229
            ],
            [
              5.940430434170964,
              55.52539606976229
            ],
            [
              5.940430434170964,
              55.524857080591815
            ],
            [
              5.939352455830021,
              55.524857080591815
            ],
            [
              5.939352455830021,
              55.52539606976229
            ]
          ]
        ]
      },
      "properties": {
        "component_id": 44,
        "pixel_count": 60,
        "centroid_x": 5.9398779702712305,
        "centroid_y": 55.52514004990631,
        "bbox_min_x": 5.939352455830021,
        "bbox_min_y": 55.524857080591815,
        "bbox_max_x": 5.940430434170964,
        "bbox_max_y": 55.52539606976229,
        "area_km2": 0.0034,
        "georeferenced": true
      }
    },
    {
      "type": "Feature",
      "geometry": {
        "type": "Polygon",
        "coordinates": [
          [
            [
              5.997653117769378,
              55.52512657517705
            ],
            [
              5.998910759167146,
              55.52512657517705
            ],
            [
              5.998910759167146,
              55.52449775447816
            ],
            [
              5.997653117769378,
              55.52449775447816
            ],
            [
              5.997653117769378,
              55.52512657517705
            ]
          ]
        ]
      },
      "properties": {
        "component_id": 45,
        "pixel_count": 78,
        "centroid_x": 5.998295758703402,
        "centroid_y": 55.524789131102374,
        "bbox_min_x": 5.997653117769378,
        "bbox_min_y": 55.52449775447816,
        "bbox_max_x": 5.998910759167146,
        "bbox_max_y": 55.52512657517705,
        "area_km2": 0.0044,
        "georeferenced": true
      }
    },
    {
      "type": "Feature",
      "geometry": {
        "type": "Polygon",
        "coordinates": [
          [
            [
              6.0079837435367525,
              55.52512657517705
            ],
            [
              6.0097803741049916,
              55.52512657517705
            ],
            [
              6.0097803741049916,
              55.524587586006575
            ],
            [
              6.0079837435367525,
              55.524587586006575
            ],
            [
              6.0079837435367525,
              55.52512657517705
            ]
          ]
        ]
      },
      "properties": {
        "component_id": 46,
        "pixel_count": 61,
        "centroid_x": 6.008876168228845,
        "centroid_y": 55.524861498535834,
        "bbox_min_x": 6.0079837435367525,
        "bbox_min_y": 55.524587586006575,
        "bbox_max_x": 6.0097803741049916,
        "bbox_max_y": 55.52512657517705,
        "area_km2": 0.0035,
        "georeferenced": true
      }
    },
    {
      "type": "Feature",
      "geometry": {
        "type": "Polygon",
        "coordinates": [
          [
            [
              5.91905053040892,
              55.524587586006575
            ],
            [
              5.9203081718066874,
              55.524587586006575
            ],
            [
              5.9203081718066874,
              55.523419776137224
            ],
            [
              5.91905053040892,
              55.523419776137224
            ],
            [
              5.91905053040892,
              55.524587586006575
            ]
          ]
        ]
      },
      "properties": {
        "component_id": 47,
        "pixel_count": 92,
        "centroid_x": 5.919624671047031,
        "centroid_y": 55.5240193039464,
        "bbox_min_x": 5.91905053040892,
        "bbox_min_y": 55.523419776137224,
        "bbox_max_x": 5.9203081718066874,
        "bbox_max_y": 55.524587586006575,
        "area_km2": 0.0052,
        "georeferenced": true
      }
    },
    {
      "type": "Feature",
      "geometry": {
        "type": "Polygon",
        "coordinates": [
          [
            [
              5.970973153831028,
              55.524407922949756
            ],
            [
              5.972230795228795,
              55.524407922949756
            ],
            [
              5.972230795228795,
              55.523599439194044
            ],
            [
              5.970973153831028,
              55.523599439194044
            ],
            [
              5.970973153831028,
              55.524407922949756
            ]
          ]
        ]
      },
      "properties": {
        "component_id": 48,
        "pixel_count": 61,
        "centroid_x": 5.971572521569777,
        "centroid_y": 55.52394109353161,
        "bbox_min_x": 5.970973153831028,
        "bbox_min_y": 55.523599439194044,
        "bbox_max_x": 5.972230795228795,
        "bbox_max_y": 55.524407922949756,
        "area_km2": 0.0035,
        "georeferenced": true
      }
    },
    {
      "type": "Feature",
      "geometry": {
        "type": "Polygon",
        "coordinates": [
          [
            [
              5.977081697763041,
              55.52431809142134
            ],
            [
              5.97798001304716,
              55.52431809142134
            ],
            [
              5.97798001304716,
              55.523599439194044
            ],
            [
              5.977081697763041,
              55.523599439194044
            ],
            [
              5.977081697763041,
              55.52431809142134
            ]
          ]
        ]
      },
      "properties": {
        "component_id": 49,
        "pixel_count": 63,
        "centroid_x": 5.9775351330969295,
        "centroid_y": 55.52399156094505,
        "bbox_min_x": 5.977081697763041,
        "bbox_min_y": 55.523599439194044,
        "bbox_max_x": 5.97798001304716,
        "bbox_max_y": 55.52431809142134,
        "area_km2": 0.0036,
        "georeferenced": true
      }
    },
    {
      "type": "Feature",
      "geometry": {
        "type": "Polygon",
        "coordinates": [
          [
            [
              6.018583863889363,
              55.5239587653077
            ],
            [
              6.019661842230306,
              55.5239587653077
            ],
            [
              6.019661842230306,
              55.52332994460881
            ],
            [
              6.018583863889363,
              55.52332994460881
            ],
            [
              6.018583863889363,
              55.5239587653077
            ]
          ]
        ]
      },
      "properties": {
        "component_id": 50,
        "pixel_count": 62,
        "centroid_x": 6.0191866044670945,
        "centroid_y": 55.523638559375776,
        "bbox_min_x": 6.018583863889363,
        "bbox_min_y": 55.52332994460881,
        "bbox_max_x": 6.019661842230306,
        "bbox_max_y": 55.5239587653077,
        "area_km2": 0.0035,
        "georeferenced": true
      }
    },
    {
      "type": "Feature",
      "geometry": {
        "type": "Polygon",
        "coordinates": [
          [
            [
              6.076704862771896,
              55.5232401130804
            ],
            [
              6.0776930095844275,
              55.5232401130804
            ],
            [
              6.0776930095844275,
              55.521712977097394
            ],
            [
              6.076704862771896,
              55.521712977097394
            ],
            [
              6.076704862771896,
              55.5232401130804
            ]
          ]
        ]
      },
      "properties": {
        "component_id": 51,
        "pixel_count": 94,
        "centroid_x": 6.077221871887543,
        "centroid_y": 55.52228541417738,
        "bbox_min_x": 6.076704862771896,
        "bbox_min_y": 55.521712977097394,
        "bbox_max_x": 6.0776930095844275,
        "bbox_max_y": 55.5232401130804,
        "area_km2": 0.0053,
        "georeferenced": true
      }
    },
    {
      "type": "Feature",
      "geometry": {
        "type": "Polygon",
        "coordinates": [
          [
            [
              5.938184645960666,
              55.52279095543834
            ],
            [
              5.938993129716373,
              55.52279095543834
            ],
            [
              5.938993129716373,
              55.522251966267866
            ],
            [
              5.938184645960666,
              55.522251966267866
            ],
            [
              5.938184645960666,
              55.52279095543834
            ]
          ]
        ]
      },
      "properties": {
        "component_id": 52,
        "pixel_count": 52,
        "centroid_x": 5.938588887838519,
        "centroid_y": 55.52253182602946,
        "bbox_min_x": 5.938184645960666,
        "bbox_min_y": 55.522251966267866,
        "bbox_max_x": 5.938993129716373,
        "bbox_max_y": 55.52279095543834,
        "area_km2": 0.003,
        "georeferenced": true
      }
    },
    {
      "type": "Feature",
      "geometry": {
        "type": "Polygon",
        "coordinates": [
          [
            [
              6.054516475254144,
              55.52279095543834
            ],
            [
              6.0555046220666755,
              55.52279095543834
            ],
            [
              6.0555046220666755,
              55.522251966267866
            ],
            [
              6.054516475254144,
              55.522251966267866
            ],
            [
              6.054516475254144,
              55.52279095543834
            ]
          ]
        ]
      },
      "properties": {
        "component_id": 53,
        "pixel_count": 54,
        "centroid_x": 6.055108697922933,
        "centroid_y": 55.522523124399925,
        "bbox_min_x": 6.054516475254144,
        "bbox_min_y": 55.522251966267866,
        "bbox_max_x": 6.0555046220666755,
        "bbox_max_y": 55.52279095543834,
        "area_km2": 0.0031,
        "georeferenced": true
      }
    },
    {
      "type": "Feature",
      "geometry": {
        "type": "Polygon",
        "coordinates": [
          [
            [
              5.997922612354614,
              55.52207230321104
            ],
            [
              5.999359916809205,
              55.52207230321104
            ],
            [
              5.999359916809205,
              55.52135365098375
            ],
            [
              5.997922612354614,
              55.52135365098375
            ],
            [
              5.997922612354614,
              55.52207230321104
            ]
          ]
        ]
      },
      "properties": {
        "component_id": 54,
        "pixel_count": 66,
        "centroid_x": 5.998624931576743,
        "centroid_y": 55.52167486675201,
        "bbox_min_x": 5.997922612354614,
        "bbox_min_y": 55.52135365098375,
        "bbox_max_x": 5.999359916809205,
        "bbox_max_y": 55.52207230321104,
        "area_km2": 0.0037,
        "georeferenced": true
      }
    },
    {
      "type": "Feature",
      "geometry": {
        "type": "Polygon",
        "coordinates": [
          [
            [
              6.0361908434581055,
              55.52180280862581
            ],
            [
              6.037448484855872,
              55.52180280862581
            ],
            [
              6.037448484855872,
              55.52108415639851
            ],
            [
              6.0361908434581055,
              55.52108415639851
            ],
            [
              6.0361908434581055,
              55.52180280862581
            ]
          ]
        ]
      },
      "properties": {
        "component_id": 55,
        "pixel_count": 84,
        "centroid_x": 6.036892384918085,
        "centroid_y": 55.52142851059076,
        "bbox_min_x": 6.0361908434581055,
        "bbox_min_y": 55.52108415639851,
        "bbox_max_x": 6.037448484855872,
        "bbox_max_y": 55.52180280862581,
        "area_km2": 0.0048,
        "georeferenced": true
      }
    },
    {
      "type": "Feature",
      "geometry": {
        "type": "Polygon",
        "coordinates": [
          [
            [
              6.062870807396455,
              55.52135365098375
            ],
            [
              6.063948785737399,
              55.52135365098375
            ],
            [
              6.063948785737399,
              55.52045533569963
            ],
            [
              6.062870807396455,
              55.52045533569963
            ],
            [
              6.062870807396455,
              55.52135365098375
            ]
          ]
        ]
      },
      "properties": {
        "component_id": 56,
        "pixel_count": 74,
        "centroid_x": 6.063398871110769,
        "centroid_y": 55.5209129909187,
        "bbox_min_x": 6.062870807396455,
        "bbox_min_y": 55.52045533569963,
        "bbox_max_x": 6.063948785737399,
        "bbox_max_y": 55.52135365098375,
        "area_km2": 0.0042,
        "georeferenced": true
      }
    },
    {
      "type": "Feature",
      "geometry": {
        "type": "Polygon",
        "coordinates": [
          [
            [
              6.057660578748562,
              55.521263819455335
            ],
            [
              6.059547040845213,
              55.521263819455335
            ],
            [
              6.059547040845213,
              55.5202756726428
            ],
            [
              6.057660578748562,
              55.5202756726428
            ],
            [
              6.057660578748562,
              55.521263819455335
            ]
          ]
        ]
      },
      "properties": {
        "component_id": 57,
        "pixel_count": 111,
        "centroid_x": 6.058495769174878,
        "centroid_y": 55.520859172930955,
        "bbox_min_x": 6.057660578748562,
        "bbox_min_y": 55.5202756726428,
        "bbox_max_x": 6.059547040845213,
        "bbox_max_y": 55.521263819455335,
        "area_km2": 0.0063,
        "georeferenced": true
      }
    },
    {
      "type": "Feature",
      "geometry": {
        "type": "Polygon",
        "coordinates": [
          [
            [
              6.075716715959365,
              55.52108415639851
            ],
            [
              6.07688452582872,
              55.52108415639851
            ],
            [
              6.07688452582872,
              55.52063499875645
            ],
            [
              6.075716715959365,
              55.52063499875645
            ],
            [
              6.075716715959365,
              55.52108415639851
            ]
          ]
        ]
      },
      "properties": {
        "component_id": 58,
        "pixel_count": 60,
        "centroid_x": 6.076305112470463,
        "centroid_y": 55.52083711969538,
        "bbox_min_x": 6.075716715959365,
        "bbox_min_y": 55.52063499875645,
        "bbox_max_x": 6.07688452582872,
        "bbox_max_y": 55.52108415639851,
        "area_km2": 0.0034,
        "georeferenced": true
      }
    },
    {
      "type": "Feature",
      "geometry": {
        "type": "Polygon",
        "coordinates": [
          [
            [
              5.932435428142301,
              55.52045533569963
            ],
            [
              5.933513406483244,
              55.52045533569963
            ],
            [
              5.933513406483244,
              55.519826515000744
            ],
            [
              5.932435428142301,
              55.519826515000744
            ],
            [
              5.932435428142301,
              55.52045533569963
            ]
          ]
        ]
      },
      "properties": {
        "component_id": 59,
        "pixel_count": 55,
        "centroid_x": 5.932887852385393,
        "centroid_y": 55.52016460820768,
        "bbox_min_x": 5.932435428142301,
        "bbox_min_y": 55.519826515000744,
        "bbox_max_x": 5.933513406483244,
        "bbox_max_y": 55.52045533569963,
        "area_km2": 0.0031,
        "georeferenced": true
      }
    },
    {
      "type": "Feature",
      "geometry": {
        "type": "Polygon",
        "coordinates": [
          [
            [
              6.076255705129836,
              55.5202756726428
            ],
            [
              6.077603178056015,
              55.5202756726428
            ],
            [
              6.077603178056015,
              55.519377357358685
            ],
            [
              6.076255705129836,
              55.519377357358685
            ],
            [
              6.076255705129836,
              55.5202756726428
            ]
          ]
        ]
      },
      "properties": {
        "component_id": 60,
        "pixel_count": 107,
        "centroid_x": 6.076972678263143,
        "centroid_y": 55.519876887820416,
        "bbox_min_x": 6.076255705129836,
        "bbox_min_y": 55.519377357358685,
        "bbox_max_x": 6.077603178056015,
        "bbox_max_y": 55.5202756726428,
        "area_km2": 0.0061,
        "georeferenced": true
      }
    },
    {
      "type": "Feature",
      "geometry": {
        "type": "Polygon",
        "coordinates": [
          [
            [
              5.9775308554051,
              55.52000617805757
            ],
            [
              5.978698665274456,
              55.52000617805757
            ],
            [
              5.978698665274456,
              55.51883836818821
            ],
            [
              5.9775308554051,
              55.51883836818821
            ],
            [
              5.9775308554051,
              55.52000617805757
            ]
          ]
        ]
      },
      "properties": {
        "component_id": 61,
        "pixel_count": 75,
        "centroid_x": 5.978094997403527,
        "centroid_y": 55.51936058880671,
        "bbox_min_x": 5.9775308554051,
        "bbox_min_y": 55.51883836818821,
        "bbox_max_x": 5.978698665274456,
        "bbox_max_y": 55.52000617805757,
        "area_km2": 0.0043,
        "georeferenced": true
      }
    },
    {
      "type": "Feature",
      "geometry": {
        "type": "Polygon",
        "coordinates": [
          [
            [
              6.080028629323138,
              55.51973668347233
            ],
            [
              6.081735428362965,
              55.51973668347233
            ],
            [
              6.081735428362965,
              55.51901803124504
            ],
            [
              6.080028629323138,
              55.51901803124504
            ],
            [
              6.080028629323138,
              55.51973668347233
            ]
          ]
        ]
      },
      "properties": {
        "component_id": 62,
        "pixel_count": 77,
        "centroid_x": 6.080951444115006,
        "centroid_y": 55.519391357077396,
        "bbox_min_x": 6.080028629323138,
        "bbox_min_y": 55.51901803124504,
        "bbox_max_x": 6.081735428362965,
        "bbox_max_y": 55.51973668347233,
        "area_km2": 0.0044,
        "georeferenced": true
      }
    },
    {
      "type": "Feature",
      "geometry": {
        "type": "Polygon",
        "coordinates": [
          [
            [
              6.044635007128829,
              55.519557020415505
            ],
            [
              6.045982480055009,
              55.519557020415505
            ],
            [
              6.045982480055009,
              55.51883836818821
            ],
            [
              6.044635007128829,
              55.51883836818821
            ],
            [
              6.044635007128829,
              55.519557020415505
            ]
          ]
        ]
      },
      "properties": {
        "component_id": 63,
        "pixel_count": 74,
        "centroid_x": 6.0452990320753335,
        "centroid_y": 55.519258391280516,
        "bbox_min_x": 6.044635007128829,
        "bbox_min_y": 55.51883836818821,
        "bbox_max_x": 6.045982480055009,
        "bbox_max_y": 55.519557020415505,
        "area_km2": 0.0042,
        "georeferenced": true
      }
    },
    {
      "type": "Feature",
      "geometry": {
        "type": "Polygon",
        "coordinates": [
          [
            [
              6.046701132282304,
              55.519377357358685
            ],
            [
              6.047689279094835,
              55.519377357358685
            ],
            [
              6.047689279094835,
              55.51856887360297
            ],
            [
              6.046701132282304,
              55.51856887360297
            ],
            [
              6.046701132282304,
              55.519377357358685
            ]
          ]
        ]
      },
      "properties": {
        "component_id": 64,
        "pixel_count": 62,
        "centroid_x": 6.0472285302878195,
        "centroid_y": 55.51896152431588,
        "bbox_min_x": 6.046701132282304,
        "bbox_min_y": 55.51856887360297,
        "bbox_max_x": 6.047689279094835,
        "bbox_max_y": 55.519377357358685,
        "area_km2": 0.0035,
        "georeferenced": true
      }
    },
    {
      "type": "Feature",
      "geometry": {
        "type": "Polygon",
        "coordinates": [
          [
            [
              5.970074838546909,
              55.519107862773446
            ],
            [
              5.971152816887852,
              55.519107862773446
            ],
            [
              5.971152816887852,
              55.51829937901774
            ],
            [
              5.970074838546909,
              55.51829937901774
            ],
            [
              5.970074838546909,
              55.519107862773446
            ]
          ]
        ]
      },
      "properties": {
        "component_id": 65,
        "pixel_count": 64,
        "centroid_x": 5.970720502657369,
        "centroid_y": 55.51874572942454,
        "bbox_min_x": 5.970074838546909,
        "bbox_min_y": 55.51829937901774,
        "bbox_max_x": 5.971152816887852,
        "bbox_max_y": 55.519107862773446,
        "area_km2": 0.0036,
        "georeferenced": true
      }
    },
    {
      "type": "Feature",
      "geometry": {
        "type": "Polygon",
        "coordinates": [
          [
            [
              5.9302794714604135,
              55.51856887360297
            ],
            [
              5.932255765085476,
              55.51856887360297
            ],
            [
              5.932255765085476,
              55.517940052904095
            ],
            [
              5.9302794714604135,
              55.517940052904095
            ],
            [
              5.9302794714604135,
              55.51856887360297
            ]
          ]
        ]
      },
      "properties": {
        "component_id": 66,
        "pixel_count": 71,
        "centroid_x": 5.931261292108973,
        "centroid_y": 55.51822726074845,
        "bbox_min_x": 5.9302794714604135,
        "bbox_min_y": 55.517940052904095,
        "bbox_max_x": 5.932255765085476,
        "bbox_max_y": 55.51856887360297,
        "area_km2": 0.004,
        "georeferenced": true
      }
    },
    {
      "type": "Feature",
      "geometry": {
        "type": "Polygon",
        "coordinates": [
          [
            [
              6.025411060048671,
              55.51829937901774
            ],
            [
              6.0268483645032624,
              55.51829937901774
            ],
            [
              6.0268483645032624,
              55.51785022137568
            ],
            [
              6.025411060048671,
              55.51785022137568
            ],
            [
              6.025411060048671,
              55.51829937901774
            ]
          ]
        ]
      },
      "properties": {
        "component_id": 67,
        "pixel_count": 58,
        "centroid_x": 6.026030587830823,
        "centroid_y": 55.518084093113444,
        "bbox_min_x": 6.025411060048671,
        "bbox_min_y": 55.51785022137568,
        "bbox_max_x": 6.0268483645032624,
        "bbox_max_y": 55.51829937901774,
        "area_km2": 0.0033,
        "georeferenced": true
      }
    },
    {
      "type": "Feature",
      "geometry": {
        "type": "Polygon",
        "coordinates": [
          [
            [
              5.917253899840681,
              55.517940052904095
            ],
            [
              5.918421709710036,
              55.517940052904095
            ],
            [
              5.918421709710036,
              55.51731123220521
            ],
            [
              5.917253899840681,
              55.51731123220521
            ],
            [
              5.917253899840681,
              55.517940052904095
            ]
          ]
        ]
      },
      "properties": {
        "component_id": 68,
        "pixel_count": 54,
        "centroid_x": 5.917761281621526,
        "centroid_y": 55.51757074550951,
        "bbox_min_x": 5.917253899840681,
        "bbox_min_y": 55.51731123220521,
        "bbox_max_x": 5.918421709710036,
        "bbox_max_y": 55.517940052904095,
        "area_km2": 0.0031,
        "georeferenced": true
      }
    },
    {
      "type": "Feature",
      "geometry": {
        "type": "Polygon",
        "coordinates": [
          [
            [
              6.05065371953243,
              55.517940052904095
            ],
            [
              6.051641866344961,
              55.517940052904095
            ],
            [
              6.051641866344961,
              55.51731123220521
            ],
            [
              6.05065371953243,
              55.51731123220521
            ],
            [
              6.05065371953243,
              55.517940052904095
            ]
          ]
        ]
      },
      "properties": {
        "component_id": 69,
        "pixel_count": 55,
        "centroid_x": 6.051209041708067,
        "centroid_y": 55.51765912521524,
        "bbox_min_x": 6.05065371953243,
        "bbox_min_y": 55.51731123220521,
        "bbox_max_x": 6.051641866344961,
        "bbox_max_y": 55.517940052904095,
        "area_km2": 0.0031,
        "georeferenced": true
      }
    },
    {
      "type": "Feature",
      "geometry": {
        "type": "Polygon",
        "coordinates": [
          [
            [
              6.062511481282807,
              55.51776038984727
            ],
            [
              6.063499628095339,
              55.51776038984727
            ],
            [
              6.063499628095339,
              55.51695190609156
            ],
            [
              6.062511481282807,
              55.51695190609156
            ],
            [
              6.062511481282807,
              55.51776038984727
            ]
          ]
        ]
      },
      "properties": {
        "component_id": 70,
        "pixel_count": 74,
        "centroid_x": 6.062941215891697,
        "centroid_y": 55.51736100372771,
        "bbox_min_x": 6.062511481282807,
        "bbox_min_y": 55.51695190609156,
        "bbox_max_x": 6.063499628095339,
        "bbox_max_y": 55.51776038984727,
        "area_km2": 0.0042,
        "georeferenced": true
      }
    },
    {
      "type": "Feature",
      "geometry": {
        "type": "Polygon",
        "coordinates": [
          [
            [
              6.066553900061345,
              55.51776038984727
            ],
            [
              6.067631878402288,
              55.51776038984727
            ],
            [
              6.067631878402288,
              55.51695190609156
            ],
            [
              6.066553900061345,
              55.51695190609156
            ],
            [
              6.066553900061345,
              55.51776038984727
            ]
          ]
        ]
      },
      "properties": {
        "component_id": 71,
        "pixel_count": 63,
        "centroid_x": 6.067052964108078,
        "centroid_y": 55.517359712712604,
        "bbox_min_x": 6.066553900061345,
        "bbox_min_y": 55.51695190609156,
        "bbox_max_x": 6.067631878402288,
        "bbox_max_y": 55.51776038984727,
        "area_km2": 0.0036,
        "georeferenced": true
      }
    },
    {
      "type": "Feature",
      "geometry": {
        "type": "Polygon",
        "coordinates": [
          [
            [
              5.91401996481785,
              55.517670558318855
            ],
            [
              5.914828448573558,
              55.517670558318855
            ],
            [
              5.914828448573558,
              55.51668241150632
            ],
            [
              5.91401996481785,
              55.51668241150632
            ],
            [
              5.91401996481785,
              55.517670558318855
            ]
          ]
        ]
      },
      "properties": {
        "component_id": 72,
        "pixel_count": 59,
        "centroid_x": 5.91441126486534,
        "centroid_y": 55.517190949311235,
        "bbox_min_x": 5.91401996481785,
        "bbox_min_y": 55.51668241150632,
        "bbox_max_x": 5.914828448573558,
        "bbox_max_y": 55.517670558318855,
        "area_km2": 0.0033,
        "georeferenced": true
      }
    },
    {
      "type": "Feature",
      "geometry": {
        "type": "Polygon",
        "coordinates": [
          [
            [
              5.9325252596707125,
              55.51686207456315
            ],
            [
              5.9334235749548325,
              55.51686207456315
            ],
            [
              5.9334235749548325,
              55.515784096222205
            ],
            [
              5.9325252596707125,
              55.515784096222205
            ],
            [
              5.9325252596707125,
              55.51686207456315
            ]
          ]
        ]
      },
      "properties": {
        "component_id": 73,
        "pixel_count": 65,
        "centroid_x": 5.933018642065221,
        "centroid_y": 55.516314793251595,
        "bbox_min_x": 5.9325252596707125,
        "bbox_min_y": 55.515784096222205,
        "bbox_max_x": 5.9334235749548325,
        "bbox_max_y": 55.51686207456315,
        "area_km2": 0.0037,
        "georeferenced": true
      }
    },
    {
      "type": "Feature",
      "geometry": {
        "type": "Polygon",
        "coordinates": [
          [
            [
              6.067542046873877,
              55.51686207456315
            ],
            [
              6.068260699101172,
              55.51686207456315
            ],
            [
              6.068260699101172,
              55.516053590807445
            ],
            [
              6.067542046873877,
              55.516053590807445
            ],
            [
              6.067542046873877,
              55.51686207456315
            ]
          ]
        ]
      },
      "properties": {
        "component_id": 74,
        "pixel_count": 50,
        "centroid_x": 6.0678348976565,
        "centroid_y": 55.516465019207565,
        "bbox_min_x": 6.067542046873877,
        "bbox_min_y": 55.516053590807445,
        "bbox_max_x": 6.068260699101172,
        "bbox_max_y": 55.51686207456315,
        "area_km2": 0.0028,
        "georeferenced": true
      }
    },
    {
      "type": "Feature",
      "geometry": {
        "type": "Polygon",
        "coordinates": [
          [
            [
              5.9174335628975046,
              55.516502748449504
            ],
            [
              5.918421709710036,
              55.516502748449504
            ],
            [
              5.918421709710036,
              55.51587392775062
            ],
            [
              5.9174335628975046,
              55.51587392775062
            ],
            [
              5.9174335628975046,
              55.516502748449504
            ]
          ]
        ]
      },
      "properties": {
        "component_id": 75,
        "pixel_count": 67,
        "centroid_x": 5.917935010533714,
        "centroid_y": 55.51620912002081,
        "bbox_min_x": 5.9174335628975046,
        "bbox_min_y": 55.51587392775062,
        "bbox_max_x": 5.918421709710036,
        "bbox_max_y": 55.516502748449504,
        "area_km2": 0.0038,
        "georeferenced": true
      }
    },
    {
      "type": "Feature",
      "geometry": {
        "type": "Polygon",
        "coordinates": [
          [
            [
              6.032597582321627,
              55.516053590807445
            ],
            [
              6.034214549833043,
              55.516053590807445
            ],
            [
              6.034214549833043,
              55.51551460163697
            ],
            [
              6.032597582321627,
              55.51551460163697
            ],
            [
              6.032597582321627,
              55.516053590807445
            ]
          ]
        ]
      },
      "properties": {
        "component_id": 76,
        "pixel_count": 68,
        "centroid_x": 6.033256787213944,
        "centroid_y": 55.51582504883075,
        "bbox_min_x": 6.032597582321627,
        "bbox_min_y": 55.51551460163697,
        "bbox_max_x": 6.034214549833043,
        "bbox_max_y": 55.516053590807445,
        "area_km2": 0.0039,
        "georeferenced": true
      }
    },
    {
      "type": "Feature",
      "geometry": {
        "type": "Polygon",
        "coordinates": [
          [
            [
              6.08335239587438,
              55.51524510705173
            ],
            [
              6.084071048101676,
              55.51524510705173
            ],
            [
              6.084071048101676,
              55.51461628635285
            ],
            [
              6.08335239587438,
              55.51461628635285
            ],
            [
              6.08335239587438,
              55.51524510705173
            ]
          ]
        ]
      },
      "properties": {
        "component_id": 77,
        "pixel_count": 62,
        "centroid_x": 6.083729108735462,
        "centroid_y": 55.514930696702294,
        "bbox_min_x": 6.08335239587438,
        "bbox_min_y": 55.51461628635285,
        "bbox_max_x": 6.084071048101676,
        "bbox_max_y": 55.51524510705173,
        "area_km2": 0.0035,
        "georeferenced": true
      }
    },
    {
      "type": "Feature",
      "geometry": {
        "type": "Polygon",
        "coordinates": [
          [
            [
              5.908630073113133,
              55.51515527552332
            ],
            [
              5.909618219925664,
              55.51515527552332
            ],
            [
              5.909618219925664,
              55.514346791767615
            ],
            [
              5.908630073113133,
              55.514346791767615
            ],
            [
              5.908630073113133,
              55.51515527552332
            ]
          ]
        ]
      },
      "properties": {
        "component_id": 78,
        "pixel_count": 60,
        "centroid_x": 5.909200503318549,
        "centroid_y": 55.51475552522189,
        "bbox_min_x": 5.908630073113133,
        "bbox_min_y": 55.514346791767615,
        "bbox_max_x": 5.909618219925664,
        "bbox_max_y": 55.51515527552332,
        "area_km2": 0.0034,
        "georeferenced": true
      }
    },
    {
      "type": "Feature",
      "geometry": {
        "type": "Polygon",
        "coordinates": [
          [
            [
              5.983639399337114,
              55.514795949409674
            ],
            [
              5.9848970407348805,
              55.514795949409674
            ],
            [
              5.9848970407348805,
              55.51407729718238
            ],
            [
              5.983639399337114,
              55.51407729718238
            ],
            [
              5.983639399337114,
              55.514795949409674
            ]
          ]
        ]
      },
      "properties": {
        "component_id": 79,
        "pixel_count": 69,
        "centroid_x": 5.9841523503834075,
        "centroid_y": 55.5144327175774,
        "bbox_min_x": 5.983639399337114,
        "bbox_min_y": 55.51407729718238,
        "bbox_max_x": 5.9848970407348805,
        "bbox_max_y": 55.514795949409674,
        "area_km2": 0.0039,
        "georeferenced": true
      }
    },
    {
      "type": "Feature",
      "geometry": {
        "type": "Polygon",
        "coordinates": [
          [
            [
              6.010499026332287,
              55.51452645482444
            ],
            [
              6.011577004673231,
              55.51452645482444
            ],
            [
              6.011577004673231,
              55.51371797106873
            ],
            [
              6.010499026332287,
              55.51371797106873
            ],
            [
              6.010499026332287,
              55.51452645482444
            ]
          ]
        ]
      },
      "properties": {
        "component_id": 80,
        "pixel_count": 56,
        "centroid_x": 6.011066889922605,
        "centroid_y": 55.5140917343923,
        "bbox_min_x": 6.010499026332287,
        "bbox_min_y": 55.51371797106873,
        "bbox_max_x": 6.011577004673231,
        "bbox_max_y": 55.51452645482444,
        "area_km2": 0.0032,
        "georeferenced": true
      }
    },
    {
      "type": "Feature",
      "geometry": {
        "type": "Polygon",
        "coordinates": [
          [
            [
              5.941238917926672,
              55.51416712871079
            ],
            [
              5.942227064739203,
              55.51416712871079
            ],
            [
              5.942227064739203,
              55.5127298242562
            ],
            [
              5.941238917926672,
              55.5127298242562
            ],
            [
              5.941238917926672,
              55.51416712871079
            ]
          ]
        ]
      },
      "properties": {
        "component_id": 81,
        "pixel_count": 92,
        "centroid_x": 5.9417788835268,
        "centroid_y": 55.51346214649869,
        "bbox_min_x": 5.941238917926672,
        "bbox_min_y": 55.5127298242562,
        "bbox_max_x": 5.942227064739203,
        "bbox_max_y": 55.51416712871079,
        "area_km2": 0.0052,
        "georeferenced": true
      }
    },
    {
      "type": "Feature",
      "geometry": {
        "type": "Polygon",
        "coordinates": [
          [
            [
              6.0046599769855105,
              55.51407729718238
            ],
            [
              6.00555829226963,
              55.51407729718238
            ],
            [
              6.00555829226963,
              55.51335864495508
            ],
            [
              6.0046599769855105,
              55.51335864495508
            ],
            [
              6.0046599769855105,
              55.51407729718238
            ]
          ]
        ]
      },
      "properties": {
        "component_id": 82,
        "pixel_count": 69,
        "centroid_x": 6.005111738439988,
        "centroid_y": 55.513737499661865,
        "bbox_min_x": 6.0046599769855105,
        "bbox_min_y": 55.51335864495508,
        "bbox_max_x": 6.00555829226963,
        "bbox_max_y": 55.51407729718238,
        "area_km2": 0.0039,
        "georeferenced": true
      }
    },
    {
      "type": "Feature",
      "geometry": {
        "type": "Polygon",
        "coordinates": [
          [
            [
              6.07140480259559,
              55.51371797106873
            ],
            [
              6.072842107050182,
              55.51371797106873
            ],
            [
              6.072842107050182,
              55.51299931884144
            ],
            [
              6.07140480259559,
              55.51299931884144
            ],
            [
              6.07140480259559,
              55.51371797106873
            ]
          ]
        ]
      },
      "properties": {
        "component_id": 83,
        "pixel_count": 81,
        "centroid_x": 6.071982607858586,
        "centroid_y": 55.51342296876555,
        "bbox_min_x": 6.07140480259559,
        "bbox_min_y": 55.51299931884144,
        "bbox_max_x": 6.072842107050182,
        "bbox_max_y": 55.51371797106873,
        "area_km2": 0.0046,
        "georeferenced": true
      }
    },
    {
      "type": "Feature",
      "geometry": {
        "type": "Polygon",
        "coordinates": [
          [
            [
              5.961900169461421,
              55.51317898189826
            ],
            [
              5.964056126143308,
              55.51317898189826
            ],
            [
              5.964056126143308,
              55.51255016119938
            ],
            [
              5.961900169461421,
              55.51255016119938
            ],
            [
              5.961900169461421,
              55.51317898189826
            ]
          ]
        ]
      },
      "properties": {
        "component_id": 84,
        "pixel_count": 67,
        "centroid_x": 5.96305725317813,
        "centroid_y": 55.5128062480938,
        "bbox_min_x": 5.961900169461421,
        "bbox_min_y": 55.51255016119938,
        "bbox_max_x": 5.964056126143308,
        "bbox_max_y": 55.51317898189826,
        "area_km2": 0.0038,
        "georeferenced": true
      }
    },
    {
      "type": "Feature",
      "geometry": {
        "type": "Polygon",
        "coordinates": [
          [
            [
              5.923362443772693,
              55.51237049814255
            ],
            [
              5.924709916698872,
              55.51237049814255
            ],
            [
              5.924709916698872,
              55.51183150897208
            ],
            [
              5.923362443772693,
              55.51183150897208
            ],
            [
              5.923362443772693,
              55.51237049814255
            ]
          ]
        ]
      },
      "properties": {
        "component_id": 85,
        "pixel_count": 59,
        "centroid_x": 5.92406434774893,
        "centroid_y": 55.512099480989036,
        "bbox_min_x": 5.923362443772693,
        "bbox_min_y": 55.51183150897208,
        "bbox_max_x": 5.924709916698872,
        "bbox_max_y": 55.51237049814255,
        "area_km2": 0.0033,
        "georeferenced": true
      }
    },
    {
      "type": "Feature",
      "geometry": {
        "type": "Polygon",
        "coordinates": [
          [
            [
              6.075806547487776,
              55.512190835085725
            ],
            [
              6.077423514999191,
              55.512190835085725
            ],
            [
              6.077423514999191,
              55.511023025216375
            ],
            [
              6.075806547487776,
              55.511023025216375
            ],
            [
              6.075806547487776,
              55.512190835085725
            ]
          ]
        ]
      },
      "properties": {
        "component_id": 86,
        "pixel_count": 86,
        "centroid_x": 6.076674570744873,
        "centroid_y": 55.51155574707091,
        "bbox_min_x": 6.075806547487776,
        "bbox_min_y": 55.511023025216375,
        "bbox_max_x": 6.077423514999191,
        "bbox_max_y": 55.512190835085725,
        "area_km2": 0.0049,
        "georeferenced": true
      }
    },
    {
      "type": "Feature",
      "geometry": {
        "type": "Polygon",
        "coordinates": [
          [
            [
              6.0546063067825555,
              55.510753530631135
            ],
            [
              6.055774116651911,
              55.510753530631135
            ],
            [
              6.055774116651911,
              55.51021454146066
            ],
            [
              6.0546063067825555,
              55.51021454146066
            ],
            [
              6.0546063067825555,
              55.510753530631135
            ]
          ]
        ]
      },
      "properties": {
        "component_id": 87,
        "pixel_count": 62,
        "centroid_x": 6.055220638525244,
        "centroid_y": 55.510502871688956,
        "bbox_min_x": 6.0546063067825555,
        "bbox_min_y": 55.51021454146066,
        "bbox_max_x": 6.055774116651911,
        "bbox_max_y": 55.510753530631135,
        "area_km2": 0.0035,
        "georeferenced": true
      }
    },
    {
      "type": "Feature",
      "geometry": {
        "type": "Polygon",
        "coordinates": [
          [
            [
              5.960193370421594,
              55.51003487840384
            ],
            [
              5.9627086532171285,
              55.51003487840384
            ],
            [
              5.9627086532171285,
              55.50940605770496
            ],
            [
              5.960193370421594,
              55.50940605770496
            ],
            [
              5.960193370421594,
              55.51003487840384
            ]
          ]
        ]
      },
      "properties": {
        "component_id": 88,
        "pixel_count": 93,
        "centroid_x": 5.961427829489448,
        "centroid_y": 55.50973737183663,
        "bbox_min_x": 5.960193370421594,
        "bbox_min_y": 55.50940605770496,
        "bbox_max_x": 5.9627086532171285,
        "bbox_max_y": 55.51003487840384,
        "area_km2": 0.0053,
        "georeferenced": true
      }
    },
    {
      "type": "Feature",
      "geometry": {
        "type": "Polygon",
        "coordinates": [
          [
            [
              5.909708051454077,
              55.5097653838186
            ],
            [
              5.911145355908668,
              55.5097653838186
            ],
            [
              5.911145355908668,
              55.509316226176544
            ],
            [
              5.909708051454077,
              55.509316226176544
            ],
            [
              5.909708051454077,
              55.5097653838186
            ]
          ]
        ]
      },
      "properties": {
        "component_id": 89,
        "pixel_count": 51,
        "centroid_x": 5.910521819417338,
        "centroid_y": 55.509548731308904,
        "bbox_min_x": 5.909708051454077,
        "bbox_min_y": 55.509316226176544,
        "bbox_max_x": 5.911145355908668,
        "bbox_max_y": 55.5097653838186,
        "area_km2": 0.0029,
        "georeferenced": true
      }
    },
    {
      "type": "Feature",
      "geometry": {
        "type": "Polygon",
        "coordinates": [
          [
            [
              6.081286270720906,
              55.509585720761784
            ],
            [
              6.082274417533437,
              55.509585720761784
            ],
            [
              6.082274417533437,
              55.508867068534485
            ],
            [
              6.081286270720906,
              55.508867068534485
            ],
            [
              6.081286270720906,
              55.509585720761784
            ]
          ]
        ]
      },
      "properties": {
        "component_id": 90,
        "pixel_count": 52,
        "centroid_x": 6.081661144599086,
        "centroid_y": 55.50921948453056,
        "bbox_min_x": 6.081286270720906,
        "bbox_min_y": 55.508867068534485,
        "bbox_max_x": 6.082274417533437,
        "bbox_max_y": 55.509585720761784,
        "area_km2": 0.003,
        "georeferenced": true
      }
    },
    {
      "type": "Feature",
      "geometry": {
        "type": "Polygon",
        "coordinates": [
          [
            [
              6.022716114196313,
              55.50940605770496
            ],
            [
              6.024333081707728,
              55.50940605770496
            ],
            [
              6.024333081707728,
              55.50814841630719
            ],
            [
              6.022716114196313,
              55.50814841630719
            ],
            [
              6.022716114196313,
              55.50940605770496
            ]
          ]
        ]
      },
      "properties": {
        "component_id": 91,
        "pixel_count": 104,
        "centroid_x": 6.023606655598166,
        "centroid_y": 55.5087245473596,
        "bbox_min_x": 6.022716114196313,
        "bbox_min_y": 55.50814841630719,
        "bbox_max_x": 6.024333081707728,
        "bbox_max_y": 55.50940605770496,
        "area_km2": 0.0059,
        "georeferenced": true
      }
    },
    {
      "type": "Feature",
      "geometry": {
        "type": "Polygon",
        "coordinates": [
          [
            [
              6.066464068532933,
              55.50940605770496
            ],
            [
              6.067721709930701,
              55.50940605770496
            ],
            [
              6.067721709930701,
              55.50877723700607
            ],
            [
              6.066464068532933,
              55.50877723700607
            ],
            [
              6.066464068532933,
              55.50940605770496
            ]
          ]
        ]
      },
      "properties": {
        "component_id": 92,
        "pixel_count": 76,
        "centroid_x": 6.067098799200791,
        "centroid_y": 55.50909637533069,
        "bbox_min_x": 6.066464068532933,
        "bbox_min_y": 55.50877723700607,
        "bbox_max_x": 6.067721709930701,
        "bbox_max_y": 55.50940605770496,
        "area_km2": 0.0043,
        "georeferenced": true
      }
    },
    {
      "type": "Feature",
      "geometry": {
        "type": "Polygon",
        "coordinates": [
          [
            [
              5.9513898806372225,
              55.50877723700607
            ],
            [
              5.952827185091814,
              55.50877723700607
            ],
            [
              5.952827185091814,
              55.507878921721954
            ],
            [
              5.9513898806372225,
              55.507878921721954
            ],
            [
              5.9513898806372225,
              55.50877723700607
            ]
          ]
        ]
      },
      "properties": {
        "component_id": 93,
        "pixel_count": 64,
        "centroid_x": 5.952143623305304,
        "centroid_y": 55.508231229747445,
        "bbox_min_x": 5.9513898806372225,
        "bbox_min_y": 55.507878921721954,
        "bbox_max_x": 5.952827185091814,
        "bbox_max_y": 55.50877723700607,
        "area_km2": 0.0036,
        "georeferenced": true
      }
    },
    {
      "type": "Feature",
      "geometry": {
        "type": "Polygon",
        "coordinates": [
          [
            [
              5.932255765085476,
              55.508417910892426
            ],
            [
              5.9340523956537155,
              55.508417910892426
            ],
            [
              5.9340523956537155,
              55.507429764079895
            ],
            [
              5.932255765085476,
              55.507429764079895
            ],
            [
              5.932255765085476,
              55.508417910892426
            ]
          ]
        ]
      },
      "properties": {
        "component_id": 94,
        "pixel_count": 84,
        "centroid_x": 5.933197926710845,
        "centroid_y": 55.50799121113247,
        "bbox_min_x": 5.932255765085476,
        "bbox_min_y": 55.507429764079895,
        "bbox_max_x": 5.9340523956537155,
        "bbox_max_y": 55.508417910892426,
        "area_km2": 0.0048,
        "georeferenced": true
      }
    },
    {
      "type": "Feature",
      "geometry": {
        "type": "Polygon",
        "coordinates": [
          [
            [
              6.041580735162823,
              55.5082382478356
            ],
            [
              6.043826523373121,
              55.5082382478356
            ],
            [
              6.043826523373121,
              55.50707043796625
            ],
            [
              6.041580735162823,
              55.50707043796625
            ],
            [
              6.041580735162823,
              55.5082382478356
            ]
          ]
        ]
      },
      "properties": {
        "component_id": 95,
        "pixel_count": 103,
        "centroid_x": 6.0428880891539825,
        "centroid_y": 55.50758326261388,
        "bbox_min_x": 6.041580735162823,
        "bbox_min_y": 55.50707043796625,
        "bbox_max_x": 6.043826523373121,
        "bbox_max_y": 55.5082382478356,
        "area_km2": 0.0058,
        "georeferenced": true
      }
    },
    {
      "type": "Feature",
      "geometry": {
        "type": "Polygon",
        "coordinates": [
          [
            [
              6.077154020413955,
              55.50769925866513
            ],
            [
              6.078950650982194,
              55.50769925866513
            ],
            [
              6.078950650982194,
              55.50725010102307
            ],
            [
              6.077154020413955,
              55.50725010102307
            ],
            [
              6.077154020413955,
              55.50769925866513
            ]
          ]
        ]
      },
      "properties": {
        "component_id": 96,
        "pixel_count": 75,
        "centroid_x": 6.0780547312054996,
        "centroid_y": 55.50751001357861,
        "bbox_min_x": 6.077154020413955,
        "bbox_min_y": 55.50725010102307,
        "bbox_max_x": 6.078950650982194,
        "bbox_max_y": 55.50769925866513,
        "area_km2": 0.0043,
        "georeferenced": true
      }
    },
    {
      "type": "Feature",
      "geometry": {
        "type": "Polygon",
        "coordinates": [
          [
            [
              5.99684463401367,
              55.50751959560831
            ],
            [
              5.998012443883026,
              55.50751959560831
            ],
            [
              5.998012443883026,
              55.506980606437835
            ],
            [
              5.99684463401367,
              55.506980606437835
            ],
            [
              5.99684463401367,
              55.50751959560831
            ]
          ]
        ]
      },
      "properties": {
        "component_id": 97,
        "pixel_count": 61,
        "centroid_x": 5.9973924590721825,
        "centroid_y": 55.507235374543,
        "bbox_min_x": 5.99684463401367,
        "bbox_min_y": 55.506980606437835,
        "bbox_max_x": 5.998012443883026,
        "bbox_max_y": 55.50751959560831,
        "area_km2": 0.0035,
        "georeferenced": true
      }
    },
    {
      "type": "Feature",
      "geometry": {
        "type": "Polygon",
        "coordinates": [
          [
            [
              6.003222672530919,
              55.50733993255148
            ],
            [
              6.0042108193434505,
              55.50733993255148
            ],
            [
              6.0042108193434505,
              55.506531448795776
            ],
            [
              6.003222672530919,
              55.506531448795776
            ],
            [
              6.003222672530919,
              55.50733993255148
            ]
          ]
        ]
      },
      "properties": {
        "component_id": 98,
        "pixel_count": 58,
        "centroid_x": 6.0037090018399075,
        "centroid_y": 55.50684431032576,
        "bbox_min_x": 6.003222672530919,
        "bbox_min_y": 55.506531448795776,
        "bbox_max_x": 6.0042108193434505,
        "bbox_max_y": 55.50733993255148,
        "area_km2": 0.0033,
        "georeferenced": true
      }
    },
    {
      "type": "Feature",
      "geometry": {
        "type": "Polygon",
        "coordinates": [
          [
            [
              6.047599447566423,
              55.50733993255148
            ],
            [
              6.048587594378954,
              55.50733993255148
            ],
            [
              6.048587594378954,
              55.50689077490942
            ],
            [
              6.047599447566423,
              55.50689077490942
            ],
            [
              6.047599447566423,
              55.50733993255148
            ]
          ]
        ]
      },
      "properties": {
        "component_id": 99,
        "pixel_count": 50,
        "centroid_x": 6.048100707494962,
        "centroid_y": 55.507124336883294,
        "bbox_min_x": 6.047599447566423,
        "bbox_min_y": 55.50689077490942,
        "bbox_max_x": 6.048587594378954,
        "bbox_max_y": 55.50733993255148,
        "area_km2": 0.0028,
        "georeferenced": true
      }
    },
    {
      "type": "Feature",
      "geometry": {
        "type": "Polygon",
        "coordinates": [
          [
            [
              6.051192708702901,
              55.50689077490942
            ],
            [
              6.052719844685905,
              55.50689077490942
            ],
            [
              6.052719844685905,
              55.50545347045483
            ],
            [
              6.051192708702901,
              55.50545347045483
            ],
            [
              6.051192708702901,
              55.50689077490942
            ]
          ]
        ]
      },
      "properties": {
        "component_id": 100,
        "pixel_count": 98,
        "centroid_x": 6.051812362919294,
        "centroid_y": 55.50619045564711,
        "bbox_min_x": 6.051192708702901,
        "bbox_min_y": 55.50545347045483,
        "bbox_max_x": 6.052719844685905,
        "bbox_max_y": 55.50689077490942,
        "area_km2": 0.0056,
        "georeferenced": true
      }
    },
    {
      "type": "Feature",
      "geometry": {
        "type": "Polygon",
        "coordinates": [
          [
            [
              6.055235127481439,
              55.506531448795776
            ],
            [
              6.056672431936031,
              55.506531448795776
            ],
            [
              6.056672431936031,
              55.50581279656848
            ],
            [
              6.055235127481439,
              55.50581279656848
            ],
            [
              6.055235127481439,
              55.506531448795776
            ]
          ]
        ]
      },
      "properties": {
        "component_id": 101,
        "pixel_count": 82,
        "centroid_x": 6.056012937056713,
        "centroid_y": 55.50617760021435,
        "bbox_min_x": 6.055235127481439,
        "bbox_min_y": 55.50581279656848,
        "bbox_max_x": 6.056672431936031,
        "bbox_max_y": 55.506531448795776,
        "area_km2": 0.0047,
        "georeferenced": true
      }
    },
    {
      "type": "Feature",
      "geometry": {
        "type": "Polygon",
        "coordinates": [
          [
            [
              5.930818460630886,
              55.50635178573895
            ],
            [
              5.931896438971829,
              55.50635178573895
            ],
            [
              5.931896438971829,
              55.50500431281277
            ],
            [
              5.930818460630886,
              55.50500431281277
            ],
            [
              5.930818460630886,
              55.50635178573895
            ]
          ]
        ]
      },
      "properties": {
        "component_id": 102,
        "pixel_count": 98,
        "centroid_x": 5.931422531827043,
        "centroid_y": 55.505678049275865,
        "bbox_min_x": 5.930818460630886,
        "bbox_min_y": 55.50500431281277,
        "bbox_max_x": 5.931896438971829,
        "bbox_max_y": 55.50635178573895,
        "area_km2": 0.0056,
        "georeferenced": true
      }
    },
    {
      "type": "Feature",
      "geometry": {
        "type": "Polygon",
        "coordinates": [
          [
            [
              6.079309977095843,
              55.50563313351166
            ],
            [
              6.080028629323138,
              55.50563313351166
            ],
            [
              6.080028629323138,
              55.50455515517071
            ],
            [
              6.079309977095843,
              55.50455515517071
            ],
            [
              6.079309977095843,
              55.50563313351166
            ]
          ]
        ]
      },
      "properties": {
        "component_id": 103,
        "pixel_count": 66,
        "centroid_x": 6.079685636214656,
        "centroid_y": 55.5050560339958,
        "bbox_min_x": 6.079309977095843,
        "bbox_min_y": 55.50455515517071,
        "bbox_max_x": 6.080028629323138,
        "bbox_max_y": 55.50563313351166,
        "area_km2": 0.0037,
        "georeferenced": true
      }
    },
    {
      "type": "Feature",
      "geometry": {
        "type": "Polygon",
        "coordinates": [
          [
            [
              5.973398605098151,
              55.505273807398005
            ],
            [
              5.9744765834390945,
              55.505273807398005
            ],
            [
              5.9744765834390945,
              55.50455515517071
            ],
            [
              5.973398605098151,
              55.50455515517071
            ],
            [
              5.973398605098151,
              55.505273807398005
            ]
          ]
        ]
      },
      "properties": {
        "component_id": 104,
        "pixel_count": 60,
        "centroid_x": 5.973954063382164,
        "centroid_y": 55.5049459223193,
        "bbox_min_x": 5.973398605098151,
        "bbox_min_y": 55.50455515517071,
        "bbox_max_x": 5.9744765834390945,
        "bbox_max_y": 55.505273807398005,
        "area_km2": 0.0034,
        "georeferenced": true
      }
    },
    {
      "type": "Feature",
      "geometry": {
        "type": "Polygon",
        "coordinates": [
          [
            [
              5.990646258553245,
              55.5044653236423
            ],
            [
              5.991364910780542,
              55.5044653236423
            ],
            [
              5.991364910780542,
              55.503836502943415
            ],
            [
              5.990646258553245,
              55.503836502943415
            ],
            [
              5.990646258553245,
              55.5044653236423
            ]
          ]
        ]
      },
      "properties": {
        "component_id": 105,
        "pixel_count": 52,
        "centroid_x": 5.990983126784791,
        "centroid_y": 55.504109452587436,
        "bbox_min_x": 5.990646258553245,
        "bbox_min_y": 55.503836502943415,
        "bbox_max_x": 5.991364910780542,
        "bbox_max_y": 55.5044653236423,
        "area_km2": 0.003,
        "georeferenced": true
      }
    },
    {
      "type": "Feature",
      "geometry": {
        "type": "Polygon",
        "coordinates": [
          [
            [
              6.036999327213813,
              55.50437549211389
            ],
            [
              6.038167137083168,
              55.50437549211389
            ],
            [
              6.038167137083168,
              55.503746671415
            ],
            [
              6.036999327213813,
              55.503746671415
            ],
            [
              6.036999327213813,
              55.50437549211389
            ]
          ]
        ]
      },
      "properties": {
        "component_id": 106,
        "pixel_count": 53,
        "centroid_x": 6.03760441882972,
        "centroid_y": 55.50404328495221,
        "bbox_min_x": 6.036999327213813,
        "bbox_min_y": 55.503746671415,
        "bbox_max_x": 6.038167137083168,
        "bbox_max_y": 55.50437549211389,
        "area_km2": 0.003,
        "georeferenced": true
      }
    },
    {
      "type": "Feature",
      "geometry": {
        "type": "Polygon",
        "coordinates": [
          [
            [
              6.071584465652415,
              55.50437549211389
            ],
            [
              6.07275227552177,
              55.50437549211389
            ],
            [
              6.07275227552177,
              55.503836502943415
            ],
            [
              6.071584465652415,
              55.503836502943415
            ],
            [
              6.071584465652415,
              55.50437549211389
            ]
          ]
        ]
      },
      "properties": {
        "component_id": 107,
        "pixel_count": 68,
        "centroid_x": 6.072124775874775,
        "centroid_y": 55.50409542911355,
        "bbox_min_x": 6.071584465652415,
        "bbox_min_y": 55.503836502943415,
        "bbox_max_x": 6.07275227552177,
        "bbox_max_y": 55.50437549211389,
        "area_km2": 0.0039,
        "georeferenced": true
      }
    },
    {
      "type": "Feature",
      "geometry": {
        "type": "Polygon",
        "coordinates": [
          [
            [
              6.0244229132361395,
              55.504105997528654
            ],
            [
              6.025500891577083,
              55.504105997528654
            ],
            [
              6.025500891577083,
              55.503387345301356
            ],
            [
              6.0244229132361395,
              55.503387345301356
            ],
            [
              6.0244229132361395,
              55.504105997528654
            ]
          ]
        ]
      },
      "properties": {
        "component_id": 108,
        "pixel_count": 73,
        "centroid_x": 6.024923754771258,
        "centroid_y": 55.50375528539718,
        "bbox_min_x": 6.0244229132361395,
        "bbox_min_y": 55.503387345301356,
        "bbox_max_x": 6.025500891577083,
        "bbox_max_y": 55.504105997528654,
        "area_km2": 0.0041,
        "georeferenced": true
      }
    },
    {
      "type": "Feature",
      "geometry": {
        "type": "Polygon",
        "coordinates": [
          [
            [
              6.05110287717449,
              55.503207682244536
            ],
            [
              6.052899507742729,
              55.503207682244536
            ],
            [
              6.052899507742729,
              55.50257886154565
            ],
            [
              6.05110287717449,
              55.50257886154565
            ],
            [
              6.05110287717449,
              55.503207682244536
            ]
          ]
        ]
      },
      "properties": {
        "component_id": 109,
        "pixel_count": 81,
        "centroid_x": 6.052037790488702,
        "centroid_y": 55.502883845129766,
        "bbox_min_x": 6.05110287717449,
        "bbox_min_y": 55.50257886154565,
        "bbox_max_x": 6.052899507742729,
        "bbox_max_y": 55.503207682244536,
        "area_km2": 0.0046,
        "georeferenced": true
      }
    },
    {
      "type": "Feature",
      "geometry": {
        "type": "Polygon",
        "coordinates": [
          [
            [
              6.055953779708735,
              55.50311785071612
            ],
            [
              6.057301252634915,
              55.50311785071612
            ],
            [
              6.057301252634915,
              55.502399198488824
            ],
            [
              6.055953779708735,
              55.502399198488824
            ],
            [
              6.055953779708735,
              55.50311785071612
            ]
          ]
        ]
      },
      "properties": {
        "component_id": 110,
        "pixel_count": 63,
        "centroid_x": 6.05654267528388,
        "centroid_y": 55.50275282101337,
        "bbox_min_x": 6.055953779708735,
        "bbox_min_y": 55.502399198488824,
        "bbox_max_x": 6.057301252634915,
        "bbox_max_y": 55.50311785071612,
        "area_km2": 0.0036,
        "georeferenced": true
      }
    },
    {
      "type": "Feature",
      "geometry": {
        "type": "Polygon",
        "coordinates": [
          [
            [
              6.071674297180826,
              55.50248903001724
            ],
            [
              6.0739200853911255,
              55.50248903001724
            ],
            [
              6.0739200853911255,
              55.50123138861947
            ],
            [
              6.071674297180826,
              55.50123138861947
            ],
            [
              6.071674297180826,
              55.50248903001724
            ]
          ]
        ]
      },
      "properties": {
        "component_id": 111,
        "pixel_count": 162,
        "centroid_x": 6.072976299827192,
        "centroid_y": 55.50198442081443,
        "bbox_min_x": 6.071674297180826,
        "bbox_min_y": 55.50123138861947,
        "bbox_max_x": 6.0739200853911255,
        "bbox_max_y": 55.50248903001724,
        "area_km2": 0.0092,
        "georeferenced": true
      }
    },
    {
      "type": "Feature",
      "geometry": {
        "type": "Polygon",
        "coordinates": [
          [
            [
              5.917253899840681,
              55.50159071473312
            ],
            [
              5.918421709710036,
              55.50159071473312
            ],
            [
              5.918421709710036,
              55.50033307333535
            ],
            [
              5.917253899840681,
              55.50033307333535
            ],
            [
              5.917253899840681,
              55.50159071473312
            ]
          ]
        ]
      },
      "properties": {
        "component_id": 112,
        "pixel_count": 89,
        "centroid_x": 5.917832253388771,
        "centroid_y": 55.501073931109,
        "bbox_min_x": 5.917253899840681,
        "bbox_min_y": 55.50033307333535,
        "bbox_max_x": 5.918421709710036,
        "bbox_max_y": 55.50159071473312,
        "area_km2": 0.0051,
        "georeferenced": true
      }
    },
    {
      "type": "Feature",
      "geometry": {
        "type": "Polygon",
        "coordinates": [
          [
            [
              5.966661240467254,
              55.50159071473312
            ],
            [
              5.967469724222962,
              55.50159071473312
            ],
            [
              5.967469724222962,
              55.50078223097741
            ],
            [
              5.966661240467254,
              55.50078223097741
            ],
            [
              5.966661240467254,
              55.50159071473312
            ]
          ]
        ]
      },
      "properties": {
        "component_id": 113,
        "pixel_count": 52,
        "centroid_x": 5.967079302580249,
        "centroid_y": 55.501234843678255,
        "bbox_min_x": 5.966661240467254,
        "bbox_min_y": 55.50078223097741,
        "bbox_max_x": 5.967469724222962,
        "bbox_max_y": 55.50159071473312,
        "area_km2": 0.003,
        "georeferenced": true
      }
    },
    {
      "type": "Feature",
      "geometry": {
        "type": "Polygon",
        "coordinates": [
          [
            [
              6.051462203288137,
              55.501500883204706
            ],
            [
              6.053348665384788,
              55.501500883204706
            ],
            [
              6.053348665384788,
              55.50123138861947
            ],
            [
              6.051462203288137,
              55.50123138861947
            ],
            [
              6.051462203288137,
              55.501500883204706
            ]
          ]
        ]
      },
      "properties": {
        "component_id": 114,
        "pixel_count": 54,
        "centroid_x": 6.052395453055528,
        "centroid_y": 55.50136114527162,
        "bbox_min_x": 6.051462203288137,
        "bbox_min_y": 55.50123138861947,
        "bbox_max_x": 6.053348665384788,
        "bbox_max_y": 55.501500883204706,
        "area_km2": 0.0031,
        "georeferenced": true
      }
    },
    {
      "type": "Feature",
      "geometry": {
        "type": "Polygon",
        "coordinates": [
          [
            [
              5.989208954098655,
              55.50096189403423
            ],
            [
              5.98992760632595,
              55.50096189403423
            ],
            [
              5.98992760632595,
              55.50033307333535
            ],
            [
              5.989208954098655,
              55.50033307333535
            ],
            [
              5.989208954098655,
              55.50096189403423
            ]
          ]
        ]
      },
      "properties": {
        "component_id": 115,
        "pixel_count": 55,
        "centroid_x": 5.98955521380817,
        "centroid_y": 55.50061073442317,
        "bbox_min_x": 5.989208954098655,
        "bbox_min_y": 55.50033307333535,
        "bbox_max_x": 5.98992760632595,
        "bbox_max_y": 55.50096189403423,
        "area_km2": 0.0031,
        "georeferenced": true
      }
    },
    {
      "type": "Feature",
      "geometry": {
        "type": "Polygon",
        "coordinates": [
          [
            [
              6.055235127481439,
              55.50096189403423
            ],
            [
              6.056313105822382,
              55.50096189403423
            ],
            [
              6.056313105822382,
              55.50024324180694
            ],
            [
              6.055235127481439,
              55.50024324180694
            ],
            [
              6.055235127481439,
              55.50096189403423
            ]
          ]
        ]
      },
      "properties": {
        "component_id": 116,
        "pixel_count": 68,
        "centroid_x": 6.055830921883112,
        "centroid_y": 55.50059067845359,
        "bbox_min_x": 6.055235127481439,
        "bbox_min_y": 55.50024324180694,
        "bbox_max_x": 6.056313105822382,
        "bbox_max_y": 55.50096189403423,
        "area_km2": 0.0039,
        "georeferenced": true
      }
    },
    {
      "type": "Feature",
      "geometry": {
        "type": "Polygon",
        "coordinates": [
          [
            [
              6.038436631668405,
              55.500512736392174
            ],
            [
              6.040053599179819,
              55.500512736392174
            ],
            [
              6.040053599179819,
              55.49952458957964
            ],
            [
              6.038436631668405,
              55.49952458957964
            ],
            [
              6.038436631668405,
              55.500512736392174
            ]
          ]
        ]
      },
      "properties": {
        "component_id": 117,
        "pixel_count": 86,
        "centroid_x": 6.039331813294556,
        "centroid_y": 55.50002284119653,
        "bbox_min_x": 6.038436631668405,
        "bbox_min_y": 55.49952458957964,
        "bbox_max_x": 6.040053599179819,
        "bbox_max_y": 55.500512736392174,
        "area_km2": 0.0049,
        "georeferenced": true
      }
    },
    {
      "type": "Feature",
      "geometry": {
        "type": "Polygon",
        "coordinates": [
          [
            [
              6.036819664156989,
              55.50024324180694
            ],
            [
              6.03870612625364,
              55.50024324180694
            ],
            [
              6.03870612625364,
              55.49943475805123
            ],
            [
              6.036819664156989,
              55.49943475805123
            ],
            [
              6.036819664156989,
              55.50024324180694
            ]
          ]
        ]
      },
      "properties": {
        "component_id": 118,
        "pixel_count": 131,
        "centroid_x": 6.03778243870577,
        "centroid_y": 55.4997495112691,
        "bbox_min_x": 6.036819664156989,
        "bbox_min_y": 55.49943475805123,
        "bbox_max_x": 6.03870612625364,
        "bbox_max_y": 55.50024324180694,
        "area_km2": 0.0074,
        "georeferenced": true
      }
    },
    {
      "type": "Feature",
      "geometry": {
        "type": "Polygon",
        "coordinates": [
          [
            [
              6.068889519800056,
              55.49970425263647
            ],
            [
              6.070865813425119,
              55.49970425263647
            ],
            [
              6.070865813425119,
              55.498177116653466
            ],
            [
              6.068889519800056,
              55.498177116653466
            ],
            [
              6.068889519800056,
              55.49970425263647
            ]
          ]
        ]
      },
      "properties": {
        "component_id": 119,
        "pixel_count": 127,
        "centroid_x": 6.069858568571114,
        "centroid_y": 55.498933257628835,
        "bbox_min_x": 6.068889519800056,
        "bbox_min_y": 55.498177116653466,
        "bbox_max_x": 6.070865813425119,
        "bbox_max_y": 55.49970425263647,
        "area_km2": 0.0072,
        "georeferenced": true
      }
    },
    {
      "type": "Feature",
      "geometry": {
        "type": "Polygon",
        "coordinates": [
          [
            [
              5.919948845693039,
              55.499614421108056
            ],
            [
              5.9212064870908065,
              55.499614421108056
            ],
            [
              5.9212064870908065,
              55.49898560040917
            ],
            [
              5.919948845693039,
              55.49898560040917
            ],
            [
              5.919948845693039,
              55.499614421108056
            ]
          ]
        ]
      },
      "properties": {
        "component_id": 120,
        "pixel_count": 59,
        "centroid_x": 5.920507628251127,
        "centroid_y": 55.49928706892825,
        "bbox_min_x": 5.919948845693039,
        "bbox_min_y": 55.49898560040917,
        "bbox_max_x": 5.9212064870908065,
        "bbox_max_y": 55.499614421108056,
        "area_km2": 0.0033,
        "georeferenced": true
      }
    },
    {
      "type": "Feature",
      "geometry": {
        "type": "Polygon",
        "coordinates": [
          [
            [
              6.055414790538263,
              55.49934492652282
            ],
            [
              6.056582600407618,
              55.49934492652282
            ],
            [
              6.056582600407618,
              55.49853644276711
            ],
            [
              6.055414790538263,
              55.49853644276711
            ],
            [
              6.055414790538263,
              55.49934492652282
            ]
          ]
        ]
      },
      "properties": {
        "component_id": 121,
        "pixel_count": 68,
        "centroid_x": 6.055993411265387,
        "centroid_y": 55.49889576888076,
        "bbox_min_x": 6.055414790538263,
        "bbox_min_y": 55.49853644276711,
        "bbox_max_x": 6.056582600407618,
        "bbox_max_y": 55.49934492652282,
        "area_km2": 0.0039,
        "georeferenced": true
      }
    },
    {
      "type": "Feature",
      "geometry": {
        "type": "Polygon",
        "coordinates": [
          [
            [
              6.072842107050182,
              55.49871610582394
            ],
            [
              6.073740422334302,
              55.49871610582394
            ],
            [
              6.073740422334302,
              55.497907622068226
            ],
            [
              6.072842107050182,
              55.497907622068226
            ],
            [
              6.072842107050182,
              55.49871610582394
            ]
          ]
        ]
      },
      "properties": {
        "component_id": 122,
        "pixel_count": 54,
        "centroid_x": 6.07326298439626,
        "centroid_y": 55.498333490054776,
        "bbox_min_x": 6.072842107050182,
        "bbox_min_y": 55.497907622068226,
        "bbox_max_x": 6.073740422334302,
        "bbox_max_y": 55.49871610582394,
        "area_km2": 0.0031,
        "georeferenced": true
      }
    },
    {
      "type": "Feature",
      "geometry": {
        "type": "Polygon",
        "coordinates": [
          [
            [
              5.938903298187961,
              55.498626274295525
            ],
            [
              5.940160939585729,
              55.498626274295525
            ],
            [
              5.940160939585729,
              55.49826694818188
            ],
            [
              5.938903298187961,
              55.49826694818188
            ],
            [
              5.938903298187961,
              55.498626274295525
            ]
          ]
        ]
      },
      "properties": {
        "component_id": 123,
        "pixel_count": 51,
        "centroid_x": 5.939560301327131,
        "centroid_y": 55.49849064630165,
        "bbox_min_x": 5.938903298187961,
        "bbox_min_y": 55.49826694818188,
        "bbox_max_x": 5.940160939585729,
        "bbox_max_y": 55.498626274295525,
        "area_km2": 0.0029,
        "georeferenced": true
      }
    },
    {
      "type": "Feature",
      "geometry": {
        "type": "Polygon",
        "coordinates": [
          [
            [
              6.0210991466848975,
              55.49853644276711
            ],
            [
              6.0221771250258405,
              55.49853644276711
            ],
            [
              6.0221771250258405,
              55.49799745359664
            ],
            [
              6.0210991466848975,
              55.49799745359664
            ],
            [
              6.0210991466848975,
              55.49853644276711
            ]
          ]
        ]
      },
      "properties": {
        "component_id": 124,
        "pixel_count": 53,
        "centroid_x": 6.021512710702492,
        "centroid_y": 55.49831440634783,
        "bbox_min_x": 6.0210991466848975,
        "bbox_min_y": 55.49799745359664,
        "bbox_max_x": 6.0221771250258405,
        "bbox_max_y": 55.49853644276711,
        "area_km2": 0.003,
        "georeferenced": true
      }
    },
    {
      "type": "Feature",
      "geometry": {
        "type": "Polygon",
        "coordinates": [
          [
            [
              5.9292014931194705,
              55.49826694818188
            ],
            [
              5.930369302988826,
              55.49826694818188
            ],
            [
              5.930369302988826,
              55.49781779053981
            ],
            [
              5.9292014931194705,
              55.49781779053981
            ],
            [
              5.9292014931194705,
              55.49826694818188
            ]
          ]
        ]
      },
      "properties": {
        "component_id": 125,
        "pixel_count": 53,
        "centroid_x": 5.929850653032334,
        "centroid_y": 55.49806694591107,
        "bbox_min_x": 5.9292014931194705,
        "bbox_min_y": 55.49781779053981,
        "bbox_max_x": 5.930369302988826,
        "bbox_max_y": 55.49826694818188,
        "area_km2": 0.003,
        "georeferenced": true
      }
    },
    {
      "type": "Feature",
      "geometry": {
        "type": "Polygon",
        "coordinates": [
          [
            [
              6.0102295317470515,
              55.498177116653466
            ],
            [
              6.012115993843702,
              55.498177116653466
            ],
            [
              6.012115993843702,
              55.49754829595458
            ],
            [
              6.0102295317470515,
              55.49754829595458
            ],
            [
              6.0102295317470515,
              55.498177116653466
            ]
          ]
        ]
      },
      "properties": {
        "component_id": 126,
        "pixel_count": 63,
        "centroid_x": 6.011099329085643,
        "centroid_y": 55.49787625232815,
        "bbox_min_x": 6.0102295317470515,
        "bbox_min_y": 55.49754829595458,
        "bbox_max_x": 6.012115993843702,
        "bbox_max_y": 55.498177116653466,
        "area_km2": 0.0036,
        "georeferenced": true
      }
    },
    {
      "type": "Feature",
      "geometry": {
        "type": "Polygon",
        "coordinates": [
          [
            [
              6.079579471681078,
              55.498177116653466
            ],
            [
              6.080747281550433,
              55.498177116653466
            ],
            [
              6.080747281550433,
              55.49727880136935
            ],
            [
              6.079579471681078,
              55.49727880136935
            ],
            [
              6.079579471681078,
              55.498177116653466
            ]
          ]
        ]
      },
      "properties": {
        "component_id": 127,
        "pixel_count": 54,
        "centroid_x": 6.080238236222766,
        "centroid_y": 55.49780115507159,
        "bbox_min_x": 6.079579471681078,
        "bbox_min_y": 55.49727880136935,
        "bbox_max_x": 6.080747281550433,
        "bbox_max_y": 55.498177116653466,
        "area_km2": 0.0031,
        "georeferenced": true
      }
    },
    {
      "type": "Feature",
      "geometry": {
        "type": "Polygon",
        "coordinates": [
          [
            [
              5.957498424569235,
              55.49808728512505
            ],
            [
              5.958217076796531,
              55.49808728512505
            ],
            [
              5.958217076796531,
              55.497188969840934
            ],
            [
              5.957498424569235,
              55.497188969840934
            ],
            [
              5.957498424569235,
              55.49808728512505
            ]
          ]
        ]
      },
      "properties": {
        "component_id": 128,
        "pixel_count": 50,
        "centroid_x": 5.957805648396405,
        "centroid_y": 55.49763273759129,
        "bbox_min_x": 5.957498424569235,
        "bbox_min_y": 55.497188969840934,
        "bbox_max_x": 5.958217076796531,
        "bbox_max_y": 55.49808728512505,
        "area_km2": 0.0028,
        "georeferenced": true
      }
    },
    {
      "type": "Feature",
      "geometry": {
        "type": "Polygon",
        "coordinates": [
          [
            [
              5.964774778370604,
              55.49781779053981
            ],
            [
              5.966301914353607,
              55.49781779053981
            ],
            [
              5.966301914353607,
              55.497188969840934
            ],
            [
              5.964774778370604,
              55.497188969840934
            ],
            [
              5.964774778370604,
              55.49781779053981
            ]
          ]
        ]
      },
      "properties": {
        "component_id": 129,
        "pixel_count": 53,
        "centroid_x": 5.9654917356634005,
        "centroid_y": 55.49757710984105,
        "bbox_min_x": 5.964774778370604,
        "bbox_min_y": 55.497188969840934,
        "bbox_max_x": 5.966301914353607,
        "bbox_max_y": 55.49781779053981,
        "area_km2": 0.003,
        "georeferenced": true
      }
    },
    {
      "type": "Feature",
      "geometry": {
        "type": "Polygon",
        "coordinates": [
          [
            [
              6.017685548605243,
              55.49781779053981
            ],
            [
              6.018583863889363,
              55.49781779053981
            ],
            [
              6.018583863889363,
              55.496919475255694
            ],
            [
              6.017685548605243,
              55.496919475255694
            ],
            [
              6.017685548605243,
              55.49781779053981
            ]
          ]
        ]
      },
      "properties": {
        "component_id": 130,
        "pixel_count": 52,
        "centroid_x": 6.018158891658799,
        "centroid_y": 55.49737554301532,
        "bbox_min_x": 6.017685548605243,
        "bbox_min_y": 55.496919475255694,
        "bbox_max_x": 6.018583863889363,
        "bbox_max_y": 55.49781779053981,
        "area_km2": 0.003,
        "georeferenced": true
      }
    },
    {
      "type": "Feature",
      "geometry": {
        "type": "Polygon",
        "coordinates": [
          [
            [
              6.013014309127822,
              55.49772795901141
            ],
            [
              6.013912624411941,
              55.49772795901141
            ],
            [
              6.013912624411941,
              55.49709913831252
            ],
            [
              6.013014309127822,
              55.49709913831252
            ],
            [
              6.013014309127822,
              55.49772795901141
            ]
          ]
        ]
      },
      "properties": {
        "component_id": 131,
        "pixel_count": 59,
        "centroid_x": 6.013452808791934,
        "centroid_y": 55.49742344535577,
        "bbox_min_x": 6.013014309127822,
        "bbox_min_y": 55.49709913831252,
        "bbox_max_x": 6.013912624411941,
        "bbox_max_y": 55.49772795901141,
        "area_km2": 0.0034,
        "georeferenced": true
      }
    },
    {
      "type": "Feature",
      "geometry": {
        "type": "Polygon",
        "coordinates": [
          [
            [
              5.954174658017993,
              55.49754829595458
            ],
            [
              5.9551628048305245,
              55.49754829595458
            ],
            [
              5.9551628048305245,
              55.496919475255694
            ],
            [
              5.954174658017993,
              55.496919475255694
            ],
            [
              5.954174658017993,
              55.49754829595458
            ]
          ]
        ]
      },
      "properties": {
        "component_id": 132,
        "pixel_count": 56,
        "centroid_x": 5.954684772768618,
        "centroid_y": 55.49719859464755,
        "bbox_min_x": 5.954174658017993,
        "bbox_min_y": 55.496919475255694,
        "bbox_max_x": 5.9551628048305245,
        "bbox_max_y": 55.49754829595458,
        "area_km2": 0.0032,
        "georeferenced": true
      }
    },
    {
      "type": "Feature",
      "geometry": {
        "type": "Polygon",
        "coordinates": [
          [
            [
              5.990646258553245,
              55.49727880136935
            ],
            [
              5.991275079252129,
              55.49727880136935
            ],
            [
              5.991275079252129,
              55.49656014914205
            ],
            [
              5.990646258553245,
              55.49656014914205
            ],
            [
              5.990646258553245,
              55.49727880136935
            ]
          ]
        ]
      },
      "properties": {
        "component_id": 133,
        "pixel_count": 54,
        "centroid_x": 5.9909789679177345,
        "centroid_y": 55.4968828772256,
        "bbox_min_x": 5.990646258553245,
        "bbox_min_y": 55.49656014914205,
        "bbox_max_x": 5.991275079252129,
        "bbox_max_y": 55.49727880136935,
        "area_km2": 0.0031,
        "georeferenced": true
      }
    },
    {
      "type": "Feature",
      "geometry": {
        "type": "Polygon",
        "coordinates": [
          [
            [
              5.941238917926672,
              55.496739812198875
            ],
            [
              5.942227064739203,
              55.496739812198875
            ],
            [
              5.942227064739203,
              55.49584149691475
            ],
            [
              5.941238917926672,
              55.49584149691475
            ],
            [
              5.941238917926672,
              55.496739812198875
            ]
          ]
        ]
      },
      "properties": {
        "component_id": 134,
        "pixel_count": 62,
        "centroid_x": 5.94166199544758,
        "centroid_y": 55.496321081364826,
        "bbox_min_x": 5.941238917926672,
        "bbox_min_y": 55.49584149691475,
        "bbox_max_x": 5.942227064739203,
        "bbox_max_y": 55.496739812198875,
        "area_km2": 0.0035,
        "georeferenced": true
      }
    },
    {
      "type": "Feature",
      "geometry": {
        "type": "Polygon",
        "coordinates": [
          [
            [
              5.988759796456595,
              55.496290654556816
            ],
            [
              5.989658111740714,
              55.496290654556816
            ],
            [
              5.989658111740714,
              55.49566183385793
            ],
            [
              5.988759796456595,
              55.49566183385793
            ],
            [
              5.988759796456595,
              55.496290654556816
            ]
          ]
        ]
      },
      "properties": {
        "component_id": 135,
        "pixel_count": 58,
        "centroid_x": 5.98917023361227,
        "centroid_y": 55.49595920719336,
        "bbox_min_x": 5.988759796456595,
        "bbox_min_y": 55.49566183385793,
        "bbox_max_x": 5.989658111740714,
        "bbox_max_y": 55.496290654556816,
        "area_km2": 0.0033,
        "georeferenced": true
      }
    },
    {
      "type": "Feature",
      "geometry": {
        "type": "Polygon",
        "coordinates": [
          [
            [
              6.0197516737587184,
              55.496290654556816
            ],
            [
              6.02073982057125,
              55.496290654556816
            ],
            [
              6.02073982057125,
              55.49557200232952
            ],
            [
              6.0197516737587184,
              55.49557200232952
            ],
            [
              6.0197516737587184,
              55.496290654556816
            ]
          ]
        ]
      },
      "properties": {
        "component_id": 136,
        "pixel_count": 72,
        "centroid_x": 6.020296901229774,
        "centroid_y": 55.49594754802468,
        "bbox_min_x": 6.0197516737587184,
        "bbox_min_y": 55.49557200232952,
        "bbox_max_x": 6.02073982057125,
        "bbox_max_y": 55.496290654556816,
        "area_km2": 0.0041,
        "georeferenced": true
      }
    },
    {
      "type": "Feature",
      "geometry": {
        "type": "Polygon",
        "coordinates": [
          [
            [
              6.054336812197319,
              55.49476351857381
            ],
            [
              6.055774116651911,
              55.49476351857381
            ],
            [
              6.055774116651911,
              55.49341604564763
            ],
            [
              6.054336812197319,
              55.49341604564763
            ],
            [
              6.054336812197319,
              55.49476351857381
            ]
          ]
        ]
      },
      "properties": {
        "component_id": 137,
        "pixel_count": 110,
        "centroid_x": 6.055115896543729,
        "centroid_y": 55.494078349007104,
        "bbox_min_x": 6.054336812197319,
        "bbox_min_y": 55.49341604564763,
        "bbox_max_x": 6.055774116651911,
        "bbox_max_y": 55.49476351857381,
        "area_km2": 0.0062,
        "georeferenced": true
      }
    },
    {
      "type": "Feature",
      "geometry": {
        "type": "Polygon",
        "coordinates": [
          [
            [
              6.036280674986517,
              55.49422452940334
            ],
            [
              6.037807810969521,
              55.49422452940334
            ],
            [
              6.037807810969521,
              55.49377537176128
            ],
            [
              6.036280674986517,
              55.49377537176128
            ],
            [
              6.036280674986517,
              55.49422452940334
            ]
          ]
        ]
      },
      "properties": {
        "component_id": 138,
        "pixel_count": 55,
        "centroid_x": 6.037162657265471,
        "centroid_y": 55.49401220033618,
        "bbox_min_x": 6.036280674986517,
        "bbox_min_y": 55.49377537176128,
        "bbox_max_x": 6.037807810969521,
        "bbox_max_y": 55.49422452940334,
        "area_km2": 0.0031,
        "georeferenced": true
      }
    },
    {
      "type": "Feature",
      "geometry": {
        "type": "Polygon",
        "coordinates": [
          [
            [
              6.075626884430952,
              55.4939550348181
            ],
            [
              6.077064188885544,
              55.4939550348181
            ],
            [
              6.077064188885544,
              55.493326214119215
            ],
            [
              6.075626884430952,
              55.493326214119215
            ],
            [
              6.075626884430952,
              55.4939550348181
            ]
          ]
        ]
      },
      "properties": {
        "component_id": 139,
        "pixel_count": 81,
        "centroid_x": 6.076343318595818,
        "centroid_y": 55.493638960921835,
        "bbox_min_x": 6.075626884430952,
        "bbox_min_y": 55.493326214119215,
        "bbox_max_x": 6.077064188885544,
        "bbox_max_y": 55.4939550348181,
        "area_km2": 0.0046,
        "georeferenced": true
      }
    },
    {
      "type": "Feature",
      "geometry": {
        "type": "Polygon",
        "coordinates": [
          [
            [
              5.925338737397756,
              55.49350587717604
            ],
            [
              5.9265065472671115,
              55.49350587717604
            ],
            [
              5.9265065472671115,
              55.492697393420336
            ],
            [
              5.925338737397756,
              55.492697393420336
            ],
            [
              5.925338737397756,
              55.49350587717604
            ]
          ]
        ]
      },
      "properties": {
        "component_id": 140,
        "pixel_count": 65,
        "centroid_x": 5.925966176073126,
        "centroid_y": 55.49327369722568,
        "bbox_min_x": 5.925338737397756,
        "bbox_min_y": 55.492697393420336,
        "bbox_max_x": 5.9265065472671115,
        "bbox_max_y": 55.49350587717604,
        "area_km2": 0.0037,
        "georeferenced": true
      }
    },
    {
      "type": "Feature",
      "geometry": {
        "type": "Polygon",
        "coordinates": [
          [
            [
              6.07922014556743,
              55.49260756189192
            ],
            [
              6.081286270720906,
              55.49260756189192
            ],
            [
              6.081286270720906,
              55.49152958355098
            ],
            [
              6.07922014556743,
              55.49152958355098
            ],
            [
              6.07922014556743,
              55.49260756189192
            ]
          ]
        ]
      },
      "properties": {
        "component_id": 141,
        "pixel_count": 148,
        "centroid_x": 6.080394632104438,
        "centroid_y": 55.49199816422621,
        "bbox_min_x": 6.07922014556743,
        "bbox_min_y": 55.49152958355098,
        "bbox_max_x": 6.081286270720906,
        "bbox_max_y": 55.49260756189192,
        "area_km2": 0.0084,
        "georeferenced": true
      }
    },
    {
      "type": "Feature",
      "geometry": {
        "type": "Polygon",
        "coordinates": [
          [
            [
              5.937376162204958,
              55.49251773036351
            ],
            [
              5.938004982903841,
              55.49251773036351
            ],
            [
              5.938004982903841,
              55.49161941507939
            ],
            [
              5.937376162204958,
              55.49161941507939
            ],
            [
              5.937376162204958,
              55.49251773036351
            ]
          ]
        ]
      },
      "properties": {
        "component_id": 142,
        "pixel_count": 63,
        "centroid_x": 5.937655638071129,
        "centroid_y": 55.49205859144052,
        "bbox_min_x": 5.937376162204958,
        "bbox_min_y": 55.49161941507939,
        "bbox_max_x": 5.938004982903841,
        "bbox_max_y": 55.49251773036351,
        "area_km2": 0.0036,
        "georeferenced": true
      }
    },
    {
      "type": "Feature",
      "geometry": {
        "type": "Polygon",
        "coordinates": [
          [
            [
              6.006097281440101,
              55.49233806730668
            ],
            [
              6.024063587122492,
              55.49233806730668
            ],
            [
              6.024063587122492,
              55.48110912625519
            ],
            [
              6.006097281440101,
              55.48110912625519
            ],
            [
              6.006097281440101,
              55.49233806730668
            ]
          ]
        ]
      },
      "properties": {
        "component_id": 143,
        "pixel_count": 9778,
        "centroid_x": 6.01537382453082,
        "centroid_y": 55.48576260705554,
        "bbox_min_x": 6.006097281440101,
        "bbox_min_y": 55.48110912625519,
        "bbox_max_x": 6.024063587122492,
        "bbox_max_y": 55.49233806730668,
        "area_km2": 0.5554,
        "georeferenced": true
      }
    },
    {
      "type": "Feature",
      "geometry": {
        "type": "Polygon",
        "coordinates": [
          [
            [
              5.9971141285989065,
              55.49224823577828
            ],
            [
              5.998281938468262,
              55.49224823577828
            ],
            [
              5.998281938468262,
              55.49179907813622
            ],
            [
              5.9971141285989065,
              55.49179907813622
            ],
            [
              5.9971141285989065,
              55.49224823577828
            ]
          ]
        ]
      },
      "properties": {
        "component_id": 144,
        "pixel_count": 50,
        "centroid_x": 5.997692643641879,
        "centroid_y": 55.49202904684895,
        "bbox_min_x": 5.9971141285989065,
        "bbox_min_y": 55.49179907813622,
        "bbox_max_x": 5.998281938468262,
        "bbox_max_y": 55.49224823577828,
        "area_km2": 0.0028,
        "georeferenced": true
      }
    },
    {
      "type": "Feature",
      "geometry": {
        "type": "Polygon",
        "coordinates": [
          [
            [
              5.965044272955839,
              55.492158404249864
            ],
            [
              5.966212082825194,
              55.492158404249864
            ],
            [
              5.966212082825194,
              55.49152958355098
            ],
            [
              5.965044272955839,
              55.49152958355098
            ],
            [
              5.965044272955839,
              55.492158404249864
            ]
          ]
        ]
      },
      "properties": {
        "component_id": 145,
        "pixel_count": 69,
        "centroid_x": 5.9656678860298875,
        "centroid_y": 55.4918407391349,
        "bbox_min_x": 5.965044272955839,
        "bbox_min_y": 55.49152958355098,
        "bbox_max_x": 5.966212082825194,
        "bbox_max_y": 55.492158404249864,
        "area_km2": 0.0039,
        "georeferenced": true
      }
    },
    {
      "type": "Feature",
      "geometry": {
        "type": "Polygon",
        "coordinates": [
          [
            [
              5.931267618272945,
              55.491888909664624
            ],
            [
              5.932615091199125,
              55.491888909664624
            ],
            [
              5.932615091199125,
              55.49134992049415
            ],
            [
              5.931267618272945,
              55.49134992049415
            ],
            [
              5.931267618272945,
              55.491888909664624
            ]
          ]
        ]
      },
      "properties": {
        "component_id": 146,
        "pixel_count": 59,
        "centroid_x": 5.9320441280948115,
        "centroid_y": 55.49158135087244,
        "bbox_min_x": 5.931267618272945,
        "bbox_min_y": 55.49134992049415,
        "bbox_max_x": 5.932615091199125,
        "bbox_max_y": 55.491888909664624,
        "area_km2": 0.0034,
        "georeferenced": true
      }
    },
    {
      "type": "Feature",
      "geometry": {
        "type": "Polygon",
        "coordinates": [
          [
            [
              6.040682419878703,
              55.491888909664624
            ],
            [
              6.04149090363441,
              55.491888909664624
            ],
            [
              6.04149090363441,
              55.49108042590892
            ],
            [
              6.040682419878703,
              55.49108042590892
            ],
            [
              6.040682419878703,
              55.491888909664624
            ]
          ]
        ]
      },
      "properties": {
        "component_id": 147,
        "pixel_count": 55,
        "centroid_x": 6.041046645893901,
        "centroid_y": 55.49143648542153,
        "bbox_min_x": 6.040682419878703,
        "bbox_min_y": 55.49108042590892,
        "bbox_max_x": 6.04149090363441,
        "bbox_max_y": 55.491888909664624,
        "area_km2": 0.0031,
        "georeferenced": true
      }
    },
    {
      "type": "Feature",
      "geometry": {
        "type": "Polygon",
        "coordinates": [
          [
            [
              5.987232660473591,
              55.49161941507939
            ],
            [
              5.988490301871359,
              55.49161941507939
            ],
            [
              5.988490301871359,
              55.490810931323686
            ],
            [
              5.987232660473591,
              55.490810931323686
            ],
            [
              5.987232660473591,
              55.49161941507939
            ]
          ]
        ]
      },
      "properties": {
        "component_id": 148,
        "pixel_count": 53,
        "centroid_x": 5.987971651914867,
        "centroid_y": 55.491160087830345,
        "bbox_min_x": 5.987232660473591,
        "bbox_min_y": 55.490810931323686,
        "bbox_max_x": 5.988490301871359,
        "bbox_max_y": 55.49161941507939,
        "area_km2": 0.003,
        "georeferenced": true
      }
    },
    {
      "type": "Feature",
      "geometry": {
        "type": "Polygon",
        "coordinates": [
          [
            [
              6.067811541459113,
              55.49161941507939
            ],
            [
              6.069338677442116,
              55.49161941507939
            ],
            [
              6.069338677442116,
              55.490810931323686
            ],
            [
              6.067811541459113,
              55.490810931323686
            ],
            [
              6.067811541459113,
              55.49161941507939
            ]
          ]
        ]
      },
      "properties": {
        "component_id": 149,
        "pixel_count": 90,
        "centroid_x": 6.068619027086727,
        "centroid_y": 55.49119321438348,
        "bbox_min_x": 6.067811541459113,
        "bbox_min_y": 55.490810931323686,
        "bbox_max_x": 6.069338677442116,
        "bbox_max_y": 55.49161941507939,
        "area_km2": 0.0051,
        "georeferenced": true
      }
    },
    {
      "type": "Feature",
      "geometry": {
        "type": "Polygon",
        "coordinates": [
          [
            [
              6.074908232203657,
              55.49161941507939
            ],
            [
              6.075896379016188,
              55.49161941507939
            ],
            [
              6.075896379016188,
              55.490990594380506
            ],
            [
              6.074908232203657,
              55.490990594380506
            ],
            [
              6.074908232203657,
              55.49161941507939
            ]
          ]
        ]
      },
      "properties": {
        "component_id": 150,
        "pixel_count": 66,
        "centroid_x": 6.075395500191103,
        "centroid_y": 55.491313171232534,
        "bbox_min_x": 6.074908232203657,
        "bbox_min_y": 55.490990594380506,
        "bbox_max_x": 6.075896379016188,
        "bbox_max_y": 55.49161941507939,
        "area_km2": 0.0037,
        "georeferenced": true
      }
    },
    {
      "type": "Feature",
      "geometry": {
        "type": "Polygon",
        "coordinates": [
          [
            [
              5.938903298187961,
              55.49152958355098
            ],
            [
              5.939981276528905,
              55.49152958355098
            ],
            [
              5.939981276528905,
              55.49072109979527
            ],
            [
              5.938903298187961,
              55.49072109979527
            ],
            [
              5.938903298187961,
              55.49152958355098
            ]
          ]
        ]
      },
      "properties": {
        "component_id": 151,
        "pixel_count": 80,
        "centroid_x": 5.939407477641173,
        "centroid_y": 55.49114330797881,
        "bbox_min_x": 5.938903298187961,
        "bbox_min_y": 55.49072109979527,
        "bbox_max_x": 5.939981276528905,
        "bbox_max_y": 55.49152958355098,
        "area_km2": 0.0045,
        "georeferenced": true
      }
    },
    {
      "type": "Feature",
      "geometry": {
        "type": "Polygon",
        "coordinates": [
          [
            [
              6.081555765306141,
              55.491260088965745
            ],
            [
              6.082454080590261,
              55.491260088965745
            ],
            [
              6.082454080590261,
              55.49054143673845
            ],
            [
              6.081555765306141,
              55.49054143673845
            ],
            [
              6.081555765306141,
              55.491260088965745
            ]
          ]
        ]
      },
      "properties": {
        "component_id": 152,
        "pixel_count": 50,
        "centroid_x": 6.082033669037293,
        "centroid_y": 55.49102113710017,
        "bbox_min_x": 6.081555765306141,
        "bbox_min_y": 55.49054143673845,
        "bbox_max_x": 6.082454080590261,
        "bbox_max_y": 55.491260088965745,
        "area_km2": 0.0028,
        "georeferenced": true
      }
    },
    {
      "type": "Feature",
      "geometry": {
        "type": "Polygon",
        "coordinates": [
          [
            [
              6.0428383765605895,
              55.49090076285209
            ],
            [
              6.043557028787886,
              55.49090076285209
            ],
            [
              6.043557028787886,
              55.490002447567974
            ],
            [
              6.0428383765605895,
              55.490002447567974
            ],
            [
              6.0428383765605895,
              55.49090076285209
            ]
          ]
        ]
      },
      "properties": {
        "component_id": 153,
        "pixel_count": 53,
        "centroid_x": 6.043148549573786,
        "centroid_y": 55.49043635079955,
        "bbox_min_x": 6.0428383765605895,
        "bbox_min_y": 55.490002447567974,
        "bbox_max_x": 6.043557028787886,
        "bbox_max_y": 55.49090076285209,
        "area_km2": 0.003,
        "georeferenced": true
      }
    },
    {
      "type": "Feature",
      "geometry": {
        "type": "Polygon",
        "coordinates": [
          [
            [
              6.059457209316801,
              55.490810931323686
            ],
            [
              6.060894513771392,
              55.490810931323686
            ],
            [
              6.060894513771392,
              55.489553289925915
            ],
            [
              6.059457209316801,
              55.489553289925915
            ],
            [
              6.059457209316801,
              55.490810931323686
            ]
          ]
        ]
      },
      "properties": {
        "component_id": 154,
        "pixel_count": 129,
        "centroid_x": 6.0601598450700385,
        "centroid_y": 55.490127097518254,
        "bbox_min_x": 6.059457209316801,
        "bbox_min_y": 55.489553289925915,
        "bbox_max_x": 6.060894513771392,
        "bbox_max_y": 55.490810931323686,
        "area_km2": 0.0073,
        "georeferenced": true
      }
    },
    {
      "type": "Feature",
      "geometry": {
        "type": "Polygon",
        "coordinates": [
          [
            [
              5.965313767541075,
              55.4901821106248
            ],
            [
              5.966751071995667,
              55.4901821106248
            ],
            [
              5.966751071995667,
              55.48964312145433
            ],
            [
              5.965313767541075,
              55.48964312145433
            ],
            [
              5.965313767541075,
              55.4901821106248
            ]
          ]
        ]
      },
      "properties": {
        "component_id": 155,
        "pixel_count": 51,
        "centroid_x": 5.966069409221246,
        "centroid_y": 55.4898773879892,
        "bbox_min_x": 5.965313767541075,
        "bbox_min_y": 55.48964312145433,
        "bbox_max_x": 5.966751071995667,
        "bbox_max_y": 55.4901821106248,
        "area_km2": 0.0029,
        "georeferenced": true
      }
    },
    {
      "type": "Feature",
      "geometry": {
        "type": "Polygon",
        "coordinates": [
          [
            [
              6.028824658128325,
              55.48847531158497
            ],
            [
              6.029992467997681,
              55.48847531158497
            ],
            [
              6.029992467997681,
              55.4879363224145
            ],
            [
              6.028824658128325,
              55.4879363224145
            ],
            [
              6.028824658128325,
              55.48847531158497
            ]
          ]
        ]
      },
      "properties": {
        "component_id": 156,
        "pixel_count": 57,
        "centroid_x": 6.029388863166422,
        "centroid_y": 55.488221576917,
        "bbox_min_x": 6.028824658128325,
        "bbox_min_y": 55.4879363224145,
        "bbox_max_x": 6.029992467997681,
        "bbox_max_y": 55.48847531158497,
        "area_km2": 0.0032,
        "georeferenced": true
      }
    },
    {
      "type": "Feature",
      "geometry": {
        "type": "Polygon",
        "coordinates": [
          [
            [
              5.991185247723718,
              55.48829564852815
            ],
            [
              5.992353057593073,
              55.48829564852815
            ],
            [
              5.992353057593073,
              55.48730750171562
            ],
            [
              5.991185247723718,
              55.48730750171562
            ],
            [
              5.991185247723718,
              55.48829564852815
            ]
          ]
        ]
      },
      "properties": {
        "component_id": 157,
        "pixel_count": 85,
        "centroid_x": 5.9917591126640435,
        "centroid_y": 55.487912015059756,
        "bbox_min_x": 5.991185247723718,
        "bbox_min_y": 55.48730750171562,
        "bbox_max_x": 5.992353057593073,
        "bbox_max_y": 55.48829564852815,
        "area_km2": 0.0048,
        "georeferenced": true
      }
    },
    {
      "type": "Feature",
      "geometry": {
        "type": "Polygon",
        "coordinates": [
          [
            [
              5.977171529291453,
              55.48775665935768
            ],
            [
              5.978159676103984,
              55.48775665935768
            ],
            [
              5.978159676103984,
              55.48694817560197
            ],
            [
              5.977171529291453,
              55.48694817560197
            ],
            [
              5.977171529291453,
              55.48775665935768
            ]
          ]
        ]
      },
      "properties": {
        "component_id": 158,
        "pixel_count": 58,
        "centroid_x": 5.977690383809005,
        "centroid_y": 55.48742211435532,
        "bbox_min_x": 5.977171529291453,
        "bbox_min_y": 55.48694817560197,
        "bbox_max_x": 5.978159676103984,
        "bbox_max_y": 55.48775665935768,
        "area_km2": 0.0033,
        "georeferenced": true
      }
    },
    {
      "type": "Feature",
      "geometry": {
        "type": "Polygon",
        "coordinates": [
          [
            [
              6.050114730361958,
              55.487666827829266
            ],
            [
              6.051372371759725,
              55.487666827829266
            ],
            [
              6.051372371759725,
              55.48694817560197
            ],
            [
              6.050114730361958,
              55.48694817560197
            ],
            [
              6.050114730361958,
              55.487666827829266
            ]
          ]
        ]
      },
      "properties": {
        "component_id": 159,
        "pixel_count": 81,
        "centroid_x": 6.050716934311683,
        "centroid_y": 55.48734742683936,
        "bbox_min_x": 6.050114730361958,
        "bbox_min_y": 55.48694817560197,
        "bbox_max_x": 6.051372371759725,
        "bbox_max_y": 55.487666827829266,
        "area_km2": 0.0046,
        "georeferenced": true
      }
    },
    {
      "type": "Feature",
      "geometry": {
        "type": "Polygon",
        "coordinates": [
          [
            [
              6.0626013128112195,
              55.487666827829266
            ],
            [
              6.064128448794222,
              55.487666827829266
            ],
            [
              6.064128448794222,
              55.48730750171562
            ],
            [
              6.0626013128112195,
              55.48730750171562
            ],
            [
              6.0626013128112195,
              55.487666827829266
            ]
          ]
        ]
      },
      "properties": {
        "component_id": 160,
        "pixel_count": 52,
        "centroid_x": 6.06341152409632,
        "centroid_y": 55.48748543724305,
        "bbox_min_x": 6.0626013128112195,
        "bbox_min_y": 55.48730750171562,
        "bbox_max_x": 6.064128448794222,
        "bbox_max_y": 55.487666827829266,
        "area_km2": 0.003,
        "georeferenced": true
      }
    },
    {
      "type": "Feature",
      "geometry": {
        "type": "Polygon",
        "coordinates": [
          [
            [
              6.021458472798545,
              55.48757699630085
            ],
            [
              6.0226262826679005,
              55.48757699630085
            ],
            [
              6.0226262826679005,
              55.486678681016734
            ],
            [
              6.021458472798545,
              55.486678681016734
            ],
            [
              6.021458472798545,
              55.48757699630085
            ]
          ]
        ]
      },
      "properties": {
        "component_id": 161,
        "pixel_count": 80,
        "centroid_x": 6.022005322227753,
        "centroid_y": 55.4870424987068,
        "bbox_min_x": 6.021458472798545,
        "bbox_min_y": 55.486678681016734,
        "bbox_max_x": 6.0226262826679005,
        "bbox_max_y": 55.48757699630085,
        "area_km2": 0.0045,
        "georeferenced": true
      }
    },
    {
      "type": "Feature",
      "geometry": {
        "type": "Polygon",
        "coordinates": [
          [
            [
              5.9442931898926785,
              55.487397333244026
            ],
            [
              5.945550831290445,
              55.487397333244026
            ],
            [
              5.945550831290445,
              55.48658884948832
            ],
            [
              5.9442931898926785,
              55.48658884948832
            ],
            [
              5.9442931898926785,
              55.487397333244026
            ]
          ]
        ]
      },
      "properties": {
        "component_id": 162,
        "pixel_count": 77,
        "centroid_x": 5.944950010028989,
        "centroid_y": 55.487028673984575,
        "bbox_min_x": 5.9442931898926785,
        "bbox_min_y": 55.48658884948832,
        "bbox_max_x": 5.945550831290445,
        "bbox_max_y": 55.487397333244026,
        "area_km2": 0.0044,
        "georeferenced": true
      }
    },
    {
      "type": "Feature",
      "geometry": {
        "type": "Polygon",
        "coordinates": [
          [
            [
              5.926147221153464,
              55.48703800713038
            ],
            [
              5.927584525608055,
              55.48703800713038
            ],
            [
              5.927584525608055,
              55.486229523374675
            ],
            [
              5.926147221153464,
              55.486229523374675
            ],
            [
              5.926147221153464,
              55.48703800713038
            ]
          ]
        ]
      },
      "properties": {
        "component_id": 163,
        "pixel_count": 105,
        "centroid_x": 5.926816252155541,
        "centroid_y": 55.48660339364054,
        "bbox_min_x": 5.926147221153464,
        "bbox_min_y": 55.486229523374675,
        "bbox_max_x": 5.927584525608055,
        "bbox_max_y": 55.48703800713038,
        "area_km2": 0.006,
        "georeferenced": true
      }
    },
    {
      "type": "Feature",
      "geometry": {
        "type": "Polygon",
        "coordinates": [
          [
            [
              6.055774116651911,
              55.48604986031785
            ],
            [
              6.057211421106502,
              55.48604986031785
            ],
            [
              6.057211421106502,
              55.48506171350532
            ],
            [
              6.055774116651911,
              55.48506171350532
            ],
            [
              6.055774116651911,
              55.48604986031785
            ]
          ]
        ]
      },
      "properties": {
        "component_id": 164,
        "pixel_count": 90,
        "centroid_x": 6.056487778238739,
        "centroid_y": 55.48550987301928,
        "bbox_min_x": 6.055774116651911,
        "bbox_min_y": 55.48506171350532,
        "bbox_max_x": 6.057211421106502,
        "bbox_max_y": 55.48604986031785,
        "area_km2": 0.0051,
        "georeferenced": true
      }
    },
    {
      "type": "Feature",
      "geometry": {
        "type": "Polygon",
        "coordinates": [
          [
            [
              5.974835909552742,
              55.485780365732616
            ],
            [
              5.976003719422097,
              55.485780365732616
            ],
            [
              5.976003719422097,
              55.48515154503373
            ],
            [
              5.974835909552742,
              55.48515154503373
            ],
            [
              5.974835909552742,
              55.485780365732616
            ]
          ]
        ]
      },
      "properties": {
        "component_id": 165,
        "pixel_count": 70,
        "centroid_x": 5.975410831334578,
        "centroid_y": 55.4854877716115,
        "bbox_min_x": 5.974835909552742,
        "bbox_min_y": 55.48515154503373,
        "bbox_max_x": 5.976003719422097,
        "bbox_max_y": 55.485780365732616,
        "area_km2": 0.004,
        "georeferenced": true
      }
    },
    {
      "type": "Feature",
      "geometry": {
        "type": "Polygon",
        "coordinates": [
          [
            [
              6.069967498141,
              55.485510871147376
            ],
            [
              6.072392949408122,
              55.485510871147376
            ],
            [
              6.072392949408122,
              55.4841633982212
            ],
            [
              6.069967498141,
              55.4841633982212
            ],
            [
              6.069967498141,
              55.485510871147376
            ]
          ]
        ]
      },
      "properties": {
        "component_id": 166,
        "pixel_count": 154,
        "centroid_x": 6.0710956421406665,
        "centroid_y": 55.48491529978044,
        "bbox_min_x": 6.069967498141,
        "bbox_min_y": 55.4841633982212,
        "bbox_max_x": 6.072392949408122,
        "bbox_max_y": 55.485510871147376,
        "area_km2": 0.0087,
        "georeferenced": true
      }
    },
    {
      "type": "Feature",
      "geometry": {
        "type": "Polygon",
        "coordinates": [
          [
            [
              6.004480313928687,
              55.48542103961896
            ],
            [
              6.005288797684394,
              55.48542103961896
            ],
            [
              6.005288797684394,
              55.484522724334845
            ],
            [
              6.004480313928687,
              55.484522724334845
            ],
            [
              6.004480313928687,
              55.48542103961896
            ]
          ]
        ]
      },
      "properties": {
        "component_id": 167,
        "pixel_count": 57,
        "centroid_x": 6.0048506719844195,
        "centroid_y": 55.48496242602655,
        "bbox_min_x": 6.004480313928687,
        "bbox_min_y": 55.484522724334845,
        "bbox_max_x": 6.005288797684394,
        "bbox_max_y": 55.48542103961896,
        "area_km2": 0.0032,
        "georeferenced": true
      }
    },
    {
      "type": "Feature",
      "geometry": {
        "type": "Polygon",
        "coordinates": [
          [
            [
              6.063948785737399,
              55.48542103961896
            ],
            [
              6.06493693254993,
              55.48542103961896
            ],
            [
              6.06493693254993,
              55.48461255586326
            ],
            [
              6.063948785737399,
              55.48461255586326
            ],
            [
              6.063948785737399,
              55.48542103961896
            ]
          ]
        ]
      },
      "properties": {
        "component_id": 168,
        "pixel_count": 65,
        "centroid_x": 6.064486392884357,
        "centroid_y": 55.48501334268233,
        "bbox_min_x": 6.063948785737399,
        "bbox_min_y": 55.48461255586326,
        "bbox_max_x": 6.06493693254993,
        "bbox_max_y": 55.48542103961896,
        "area_km2": 0.0037,
        "georeferenced": true
      }
    },
    {
      "type": "Feature",
      "geometry": {
        "type": "Polygon",
        "coordinates": [
          [
            [
              6.001605705019504,
              55.484073566692786
            ],
            [
              6.002414188775211,
              55.484073566692786
            ],
            [
              6.002414188775211,
              55.483085419880254
            ],
            [
              6.001605705019504,
              55.483085419880254
            ],
            [
              6.001605705019504,
              55.484073566692786
            ]
          ]
        ]
      },
      "properties": {
        "component_id": 169,
        "pixel_count": 74,
        "centroid_x": 6.001996593562053,
        "centroid_y": 55.48356371207207,
        "bbox_min_x": 6.001605705019504,
        "bbox_min_y": 55.483085419880254,
        "bbox_max_x": 6.002414188775211,
        "bbox_max_y": 55.484073566692786,
        "area_km2": 0.0042,
        "georeferenced": true
      }
    },
    {
      "type": "Feature",
      "geometry": {
        "type": "Polygon",
        "coordinates": [
          [
            [
              6.063948785737399,
              55.48398373516437
            ],
            [
              6.064757269493106,
              55.48398373516437
            ],
            [
              6.064757269493106,
              55.48317525140867
            ],
            [
              6.063948785737399,
              55.48317525140867
            ],
            [
              6.063948785737399,
              55.48398373516437
            ]
          ]
        ]
      },
      "properties": {
        "component_id": 170,
        "pixel_count": 56,
        "centroid_x": 6.064434838471485,
        "centroid_y": 55.48363563799178,
        "bbox_min_x": 6.063948785737399,
        "bbox_min_y": 55.48317525140867,
        "bbox_max_x": 6.064757269493106,
        "bbox_max_y": 55.48398373516437,
        "area_km2": 0.0032,
        "georeferenced": true
      }
    },
    {
      "type": "Feature",
      "geometry": {
        "type": "Polygon",
        "coordinates": [
          [
            [
              6.0248720708781995,
              55.483354914465494
            ],
            [
              6.025860217690731,
              55.483354914465494
            ],
            [
              6.025860217690731,
              55.48272609376661
            ],
            [
              6.0248720708781995,
              55.48272609376661
            ],
            [
              6.0248720708781995,
              55.483354914465494
            ]
          ]
        ]
      },
      "properties": {
        "component_id": 171,
        "pixel_count": 51,
        "centroid_x": 6.025432196878886,
        "centroid_y": 55.48309598829536,
        "bbox_min_x": 6.0248720708781995,
        "bbox_min_y": 55.48272609376661,
        "bbox_max_x": 6.025860217690731,
        "bbox_max_y": 55.483354914465494,
        "area_km2": 0.0029,
        "georeferenced": true
      }
    },
    {
      "type": "Feature",
      "geometry": {
        "type": "Polygon",
        "coordinates": [
          [
            [
              6.029812804940857,
              55.483354914465494
            ],
            [
              6.030800951753388,
              55.483354914465494
            ],
            [
              6.030800951753388,
              55.48281592529502
            ],
            [
              6.029812804940857,
              55.48281592529502
            ],
            [
              6.029812804940857,
              55.483354914465494
            ]
          ]
        ]
      },
      "properties": {
        "component_id": 172,
        "pixel_count": 52,
        "centroid_x": 6.030332791288011,
        "centroid_y": 55.483085419880254,
        "bbox_min_x": 6.029812804940857,
        "bbox_min_y": 55.48281592529502,
        "bbox_max_x": 6.030800951753388,
        "bbox_max_y": 55.483354914465494,
        "area_km2": 0.003,
        "georeferenced": true
      }
    },
    {
      "type": "Feature",
      "geometry": {
        "type": "Polygon",
        "coordinates": [
          [
            [
              6.070416655783059,
              55.482905756823435
            ],
            [
              6.071314971067179,
              55.482905756823435
            ],
            [
              6.071314971067179,
              55.48236676765296
            ],
            [
              6.070416655783059,
              55.48236676765296
            ],
            [
              6.070416655783059,
              55.482905756823435
            ]
          ]
        ]
      },
      "properties": {
        "component_id": 173,
        "pixel_count": 51,
        "centroid_x": 6.070849960802458,
        "centroid_y": 55.48261512540798,
        "bbox_min_x": 6.070416655783059,
        "bbox_min_y": 55.48236676765296,
        "bbox_max_x": 6.071314971067179,
        "bbox_max_y": 55.482905756823435,
        "area_km2": 0.0029,
        "georeferenced": true
      }
    },
    {
      "type": "Feature",
      "geometry": {
        "type": "Polygon",
        "coordinates": [
          [
            [
              6.045263827827712,
              55.48281592529502
            ],
            [
              6.04607231158342,
              55.48281592529502
            ],
            [
              6.04607231158342,
              55.48182777848249
            ],
            [
              6.045263827827712,
              55.48182777848249
            ],
            [
              6.045263827827712,
              55.48281592529502
            ]
          ]
        ]
      },
      "properties": {
        "component_id": 174,
        "pixel_count": 71,
        "centroid_x": 6.045685150348293,
        "centroid_y": 55.482370563351346,
        "bbox_min_x": 6.045263827827712,
        "bbox_min_y": 55.48182777848249,
        "bbox_max_x": 6.04607231158342,
        "bbox_max_y": 55.48281592529502,
        "area_km2": 0.004,
        "georeferenced": true
      }
    },
    {
      "type": "Feature",
      "geometry": {
        "type": "Polygon",
        "coordinates": [
          [
            [
              6.06906918285688,
              55.48245659918137
            ],
            [
              6.069967498141,
              55.48245659918137
            ],
            [
              6.069967498141,
              55.48164811542566
            ],
            [
              6.06906918285688,
              55.48164811542566
            ],
            [
              6.06906918285688,
              55.48245659918137
            ]
          ]
        ]
      },
      "properties": {
        "component_id": 175,
        "pixel_count": 53,
        "centroid_x": 6.069425119101531,
        "centroid_y": 55.481970152980345,
        "bbox_min_x": 6.06906918285688,
        "bbox_min_y": 55.48164811542566,
        "bbox_max_x": 6.069967498141,
        "bbox_max_y": 55.48245659918137,
        "area_km2": 0.003,
        "georeferenced": true
      }
    },
    {
      "type": "Feature",
      "geometry": {
        "type": "Polygon",
        "coordinates": [
          [
            [
              6.060625019186157,
              55.48236676765296
            ],
            [
              6.061523334470276,
              55.48236676765296
            ],
            [
              6.061523334470276,
              55.48146845236884
            ],
            [
              6.060625019186157,
              55.48146845236884
            ],
            [
              6.060625019186157,
              55.48236676765296
            ]
          ]
        ]
      },
      "properties": {
        "component_id": 176,
        "pixel_count": 71,
        "centroid_x": 6.061095685785723,
        "centroid_y": 55.48187712256148,
        "bbox_min_x": 6.060625019186157,
        "bbox_min_y": 55.48146845236884,
        "bbox_max_x": 6.061523334470276,
        "bbox_max_y": 55.48236676765296,
        "area_km2": 0.004,
        "georeferenced": true
      }
    },
    {
      "type": "Feature",
      "geometry": {
        "type": "Polygon",
        "coordinates": [
          [
            [
              5.948874597841688,
              55.48146845236884
            ],
            [
              5.950491565353103,
              55.48146845236884
            ],
            [
              5.950491565353103,
              55.480749800141545
            ],
            [
              5.948874597841688,
              55.480749800141545
            ],
            [
              5.948874597841688,
              55.48146845236884
            ]
          ]
        ]
      },
      "properties": {
        "component_id": 177,
        "pixel_count": 67,
        "centroid_x": 5.949791683892938,
        "centroid_y": 55.48107962933542,
        "bbox_min_x": 5.948874597841688,
        "bbox_min_y": 55.480749800141545,
        "bbox_max_x": 5.950491565353103,
        "bbox_max_y": 55.48146845236884,
        "area_km2": 0.0038,
        "georeferenced": true
      }
    },
    {
      "type": "Feature",
      "geometry": {
        "type": "Polygon",
        "coordinates": [
          [
            [
              5.992622552178308,
              55.48146845236884
            ],
            [
              5.993520867462428,
              55.48146845236884
            ],
            [
              5.993520867462428,
              55.48101929472678
            ],
            [
              5.992622552178308,
              55.48101929472678
            ],
            [
              5.992622552178308,
              55.48146845236884
            ]
          ]
        ]
      },
      "properties": {
        "component_id": 178,
        "pixel_count": 50,
        "centroid_x": 5.993016014272753,
        "centroid_y": 55.48121333082815,
        "bbox_min_x": 5.992622552178308,
        "bbox_min_y": 55.48101929472678,
        "bbox_max_x": 5.993520867462428,
        "bbox_max_y": 55.48146845236884,
        "area_km2": 0.0028,
        "georeferenced": true
      }
    },
    {
      "type": "Feature",
      "geometry": {
        "type": "Polygon",
        "coordinates": [
          [
            [
              6.081735428362965,
              55.48128878931202
            ],
            [
              6.082993069760732,
              55.48128878931202
            ],
            [
              6.082993069760732,
              55.480300642499486
            ],
            [
              6.081735428362965,
              55.480300642499486
            ],
            [
              6.081735428362965,
              55.48128878931202
            ]
          ]
        ]
      },
      "properties": {
        "component_id": 179,
        "pixel_count": 64,
        "centroid_x": 6.0822996826508025,
        "centroid_y": 55.48098701152126,
        "bbox_min_x": 6.081735428362965,
        "bbox_min_y": 55.480300642499486,
        "bbox_max_x": 6.082993069760732,
        "bbox_max_y": 55.48128878931202,
        "area_km2": 0.0036,
        "georeferenced": true
      }
    },
    {
      "type": "Feature",
      "geometry": {
        "type": "Polygon",
        "coordinates": [
          [
            [
              6.0215483043269575,
              55.48101929472678
            ],
            [
              6.022895777253137,
              55.48101929472678
            ],
            [
              6.022895777253137,
              55.4803904740279
            ],
            [
              6.0215483043269575,
              55.4803904740279
            ],
            [
              6.0215483043269575,
              55.48101929472678
            ]
          ]
        ]
      },
      "properties": {
        "component_id": 180,
        "pixel_count": 55,
        "centroid_x": 6.022159158720158,
        "centroid_y": 55.48073183383586,
        "bbox_min_x": 6.0215483043269575,
        "bbox_min_y": 55.4803904740279,
        "bbox_max_x": 6.022895777253137,
        "bbox_max_y": 55.48101929472678,
        "area_km2": 0.0031,
        "georeferenced": true
      }
    },
    {
      "type": "Feature",
      "geometry": {
        "type": "Polygon",
        "coordinates": [
          [
            [
              6.017416054020007,
              55.48012097944266
            ],
            [
              6.0188533584745985,
              55.48012097944266
            ],
            [
              6.0188533584745985,
              55.47922266415854
            ],
            [
              6.017416054020007,
              55.47922266415854
            ],
            [
              6.017416054020007,
              55.48012097944266
            ]
          ]
        ]
      },
      "properties": {
        "component_id": 181,
        "pixel_count": 73,
        "centroid_x": 6.01800795765242,
        "centroid_y": 55.47953153694801,
        "bbox_min_x": 6.017416054020007,
        "bbox_min_y": 55.47922266415854,
        "bbox_max_x": 6.0188533584745985,
        "bbox_max_y": 55.48012097944266,
        "area_km2": 0.0041,
        "georeferenced": true
      }
    },
    {
      "type": "Feature",
      "geometry": {
        "type": "Polygon",
        "coordinates": [
          [
            [
              6.008612564235636,
              55.48003114791425
            ],
            [
              6.009421047991344,
              55.48003114791425
            ],
            [
              6.009421047991344,
              55.47913283263013
            ],
            [
              6.008612564235636,
              55.47913283263013
            ],
            [
              6.008612564235636,
              55.48003114791425
            ]
          ]
        ]
      },
      "properties": {
        "component_id": 182,
        "pixel_count": 66,
        "centroid_x": 6.008985501186922,
        "centroid_y": 55.47953299125669,
        "bbox_min_x": 6.008612564235636,
        "bbox_min_y": 55.47913283263013,
        "bbox_max_x": 6.009421047991344,
        "bbox_max_y": 55.48003114791425,
        "area_km2": 0.0037,
        "georeferenced": true
      }
    },
    {
      "type": "Feature",
      "geometry": {
        "type": "Polygon",
        "coordinates": [
          [
            [
              5.975374898723214,
              55.47994131638584
            ],
            [
              5.976452877064157,
              55.47994131638584
            ],
            [
              5.976452877064157,
              55.47895316957331
            ],
            [
              5.975374898723214,
              55.47895316957331
            ],
            [
              5.975374898723214,
              55.47994131638584
            ]
          ]
        ]
      },
      "properties": {
        "component_id": 183,
        "pixel_count": 81,
        "centroid_x": 5.976046971639481,
        "centroid_y": 55.47941341752752,
        "bbox_min_x": 5.975374898723214,
        "bbox_min_y": 55.47895316957331,
        "bbox_max_x": 5.976452877064157,
        "bbox_max_y": 55.47994131638584,
        "area_km2": 0.0046,
        "georeferenced": true
      }
    },
    {
      "type": "Feature",
      "geometry": {
        "type": "Polygon",
        "coordinates": [
          [
            [
              6.073201433163829,
              55.479761653329014
            ],
            [
              6.073830253862713,
              55.479761653329014
            ],
            [
              6.073830253862713,
              55.479043001101715
            ],
            [
              6.073201433163829,
              55.479043001101715
            ],
            [
              6.073201433163829,
              55.479761653329014
            ]
          ]
        ]
      },
      "properties": {
        "component_id": 184,
        "pixel_count": 51,
        "centroid_x": 6.073564282082513,
        "centroid_y": 55.479384713190186,
        "bbox_min_x": 6.073201433163829,
        "bbox_min_y": 55.479043001101715,
        "bbox_max_x": 6.073830253862713,
        "bbox_max_y": 55.479761653329014,
        "area_km2": 0.0029,
        "georeferenced": true
      }
    },
    {
      "type": "Feature",
      "geometry": {
        "type": "Polygon",
        "coordinates": [
          [
            [
              5.947437293387097,
              55.4796718218006
            ],
            [
              5.948694934784864,
              55.4796718218006
            ],
            [
              5.948694934784864,
              55.47913283263013
            ],
            [
              5.947437293387097,
              55.47913283263013
            ],
            [
              5.947437293387097,
              55.4796718218006
            ]
          ]
        ]
      },
      "properties": {
        "component_id": 185,
        "pixel_count": 54,
        "centroid_x": 5.947979609651213,
        "centroid_y": 55.479387355293966,
        "bbox_min_x": 5.947437293387097,
        "bbox_min_y": 55.47913283263013,
        "bbox_max_x": 5.948694934784864,
        "bbox_max_y": 55.4796718218006,
        "area_km2": 0.0031,
        "georeferenced": true
      }
    },
    {
      "type": "Feature",
      "geometry": {
        "type": "Polygon",
        "coordinates": [
          [
            [
              6.045084164770889,
              55.47922266415854
            ],
            [
              6.045712985469772,
              55.47922266415854
            ],
            [
              6.045712985469772,
              55.47823451734601
            ],
            [
              6.045084164770889,
              55.47823451734601
            ],
            [
              6.045084164770889,
              55.47922266415854
            ]
          ]
        ]
      },
      "properties": {
        "component_id": 186,
        "pixel_count": 78,
        "centroid_x": 6.045415850414256,
        "centroid_y": 55.478703253654515,
        "bbox_min_x": 6.045084164770889,
        "bbox_min_y": 55.47823451734601,
        "bbox_max_x": 6.045712985469772,
        "bbox_max_y": 55.47922266415854,
        "area_km2": 0.0044,
        "georeferenced": true
      }
    },
    {
      "type": "Feature",
      "geometry": {
        "type": "Polygon",
        "coordinates": [
          [
            [
              5.986424176717884,
              55.47850401193124
            ],
            [
              5.987052997416767,
              55.47850401193124
            ],
            [
              5.987052997416767,
              55.47751586511871
            ],
            [
              5.986424176717884,
              55.47751586511871
            ],
            [
              5.986424176717884,
              55.47850401193124
            ]
          ]
        ]
      },
      "properties": {
        "component_id": 187,
        "pixel_count": 59,
        "centroid_x": 5.986763709443916,
        "centroid_y": 55.47801983521879,
        "bbox_min_x": 5.986424176717884,
        "bbox_min_y": 55.47751586511871,
        "bbox_max_x": 5.987052997416767,
        "bbox_max_y": 55.47850401193124,
        "area_km2": 0.0034,
        "georeferenced": true
      }
    },
    {
      "type": "Feature",
      "geometry": {
        "type": "Polygon",
        "coordinates": [
          [
            [
              6.011127847031171,
              55.47832434887442
            ],
            [
              6.0122058253721145,
              55.47832434887442
            ],
            [
              6.0122058253721145,
              55.47733620206189
            ],
            [
              6.011127847031171,
              55.47733620206189
            ],
            [
              6.011127847031171,
              55.47832434887442
            ]
          ]
        ]
      },
      "properties": {
        "component_id": 188,
        "pixel_count": 75,
        "centroid_x": 6.011623717068005,
        "centroid_y": 55.477778173181676,
        "bbox_min_x": 6.011127847031171,
        "bbox_min_y": 55.47733620206189,
        "bbox_max_x": 6.0122058253721145,
        "bbox_max_y": 55.47832434887442,
        "area_km2": 0.0043,
        "georeferenced": true
      }
    },
    {
      "type": "Feature",
      "geometry": {
        "type": "Polygon",
        "coordinates": [
          [
            [
              6.045263827827712,
              55.47796502276078
            ],
            [
              6.04652146922548,
              55.47796502276078
            ],
            [
              6.04652146922548,
              55.47751586511871
            ],
            [
              6.045263827827712,
              55.47751586511871
            ],
            [
              6.045263827827712,
              55.47796502276078
            ]
          ]
        ]
      },
      "properties": {
        "component_id": 189,
        "pixel_count": 65,
        "centroid_x": 6.045884356385512,
        "centroid_y": 55.477707966387165,
        "bbox_min_x": 6.045263827827712,
        "bbox_min_y": 55.47751586511871,
        "bbox_max_x": 6.04652146922548,
        "bbox_max_y": 55.47796502276078,
        "area_km2": 0.0037,
        "georeferenced": true
      }
    },
    {
      "type": "Feature",
      "geometry": {
        "type": "Polygon",
        "coordinates": [
          [
            [
              5.981932600297286,
              55.47625822372095
            ],
            [
              5.982920747109818,
              55.47625822372095
            ],
            [
              5.982920747109818,
              55.47535990843683
            ],
            [
              5.981932600297286,
              55.47535990843683
            ],
            [
              5.981932600297286,
              55.47625822372095
            ]
          ]
        ]
      },
      "properties": {
        "component_id": 190,
        "pixel_count": 52,
        "centroid_x": 5.982331659586962,
        "centroid_y": 55.47576933290286,
        "bbox_min_x": 5.981932600297286,
        "bbox_min_y": 55.47535990843683,
        "bbox_max_x": 5.982920747109818,
        "bbox_max_y": 55.47625822372095,
        "area_km2": 0.003,
        "georeferenced": true
      }
    },
    {
      "type": "Feature",
      "geometry": {
        "type": "Polygon",
        "coordinates": [
          [
            [
              6.0352925281739855,
              55.47625822372095
            ],
            [
              6.036729832628577,
              55.47625822372095
            ],
            [
              6.036729832628577,
              55.47580906607889
            ],
            [
              6.0352925281739855,
              55.47580906607889
            ],
            [
              6.0352925281739855,
              55.47625822372095
            ]
          ]
        ]
      },
      "properties": {
        "component_id": 191,
        "pixel_count": 51,
        "centroid_x": 6.035886120822512,
        "centroid_y": 55.47601867297851,
        "bbox_min_x": 6.0352925281739855,
        "bbox_min_y": 55.47580906607889,
        "bbox_max_x": 6.036729832628577,
        "bbox_max_y": 55.47625822372095,
        "area_km2": 0.0029,
        "georeferenced": true
      }
    },
    {
      "type": "Feature",
      "geometry": {
        "type": "Polygon",
        "coordinates": [
          [
            [
              5.96782905033661,
              55.476168392192534
            ],
            [
              5.969176523262789,
              55.476168392192534
            ],
            [
              5.969176523262789,
              55.475719234550475
            ],
            [
              5.96782905033661,
              55.475719234550475
            ],
            [
              5.96782905033661,
              55.476168392192534
            ]
          ]
        ]
      },
      "properties": {
        "component_id": 192,
        "pixel_count": 62,
        "centroid_x": 5.968586822745634,
        "centroid_y": 55.47592207993721,
        "bbox_min_x": 5.96782905033661,
        "bbox_min_y": 55.475719234550475,
        "bbox_max_x": 5.969176523262789,
        "bbox_max_y": 55.476168392192534,
        "area_km2": 0.0035,
        "georeferenced": true
      }
    },
    {
      "type": "Feature",
      "geometry": {
        "type": "Polygon",
        "coordinates": [
          [
            [
              5.973218942041327,
              55.475719234550475
            ],
            [
              5.974386751910682,
              55.475719234550475
            ],
            [
              5.974386751910682,
              55.47500058232318
            ],
            [
              5.973218942041327,
              55.47500058232318
            ],
            [
              5.973218942041327,
              55.475719234550475
            ]
          ]
        ]
      },
      "properties": {
        "component_id": 193,
        "pixel_count": 65,
        "centroid_x": 5.973802155964248,
        "centroid_y": 55.47532950391952,
        "bbox_min_x": 5.973218942041327,
        "bbox_min_y": 55.47500058232318,
        "bbox_max_x": 5.974386751910682,
        "bbox_max_y": 55.475719234550475,
        "area_km2": 0.0037,
        "georeferenced": true
      }
    },
    {
      "type": "Feature",
      "geometry": {
        "type": "Polygon",
        "coordinates": [
          [
            [
              6.064308111851046,
              55.47562940302206
            ],
            [
              6.065565753248814,
              55.47562940302206
            ],
            [
              6.065565753248814,
              55.47518024538
            ],
            [
              6.064308111851046,
              55.47518024538
            ],
            [
              6.064308111851046,
              55.47562940302206
            ]
          ]
        ]
      },
      "properties": {
        "component_id": 194,
        "pixel_count": 57,
        "centroid_x": 6.064992092260359,
        "centroid_y": 55.475407188188626,
        "bbox_min_x": 6.064308111851046,
        "bbox_min_y": 55.47518024538,
        "bbox_max_x": 6.065565753248814,
        "bbox_max_y": 55.47562940302206,
        "area_km2": 0.0032,
        "georeferenced": true
      }
    },
    {
      "type": "Feature",
      "geometry": {
        "type": "Polygon",
        "coordinates": [
          [
            [
              6.046341806168656,
              55.47544973996524
            ],
            [
              6.047240121452775,
              55.47544973996524
            ],
            [
              6.047240121452775,
              55.47455142468112
            ],
            [
              6.046341806168656,
              55.47455142468112
            ],
            [
              6.046341806168656,
              55.47544973996524
            ]
          ]
        ]
      },
      "properties": {
        "component_id": 195,
        "pixel_count": 64,
        "centroid_x": 6.0468541266041305,
        "centroid_y": 55.47498093167634,
        "bbox_min_x": 6.046341806168656,
        "bbox_min_y": 55.47455142468112,
        "bbox_max_x": 6.047240121452775,
        "bbox_max_y": 55.47544973996524,
        "area_km2": 0.0036,
        "georeferenced": true
      }
    },
    {
      "type": "Feature",
      "geometry": {
        "type": "Polygon",
        "coordinates": [
          [
            [
              5.967649387279786,
              55.47482091926636
            ],
            [
              5.969086691734377,
              55.47482091926636
            ],
            [
              5.969086691734377,
              55.473653109397
            ],
            [
              5.967649387279786,
              55.473653109397
            ],
            [
              5.967649387279786,
              55.47482091926636
            ]
          ]
        ]
      },
      "properties": {
        "component_id": 196,
        "pixel_count": 102,
        "centroid_x": 5.968296702705107,
        "centroid_y": 55.474213235397684,
        "bbox_min_x": 5.967649387279786,
        "bbox_min_y": 55.473653109397,
        "bbox_max_x": 5.969086691734377,
        "bbox_max_y": 55.47482091926636,
        "area_km2": 0.0058,
        "georeferenced": true
      }
    },
    {
      "type": "Feature",
      "geometry": {
        "type": "Polygon",
        "coordinates": [
          [
            [
              6.057031758049678,
              55.47482091926636
            ],
            [
              6.057840241805386,
              55.47482091926636
            ],
            [
              6.057840241805386,
              55.47419209856747
            ],
            [
              6.057031758049678,
              55.47419209856747
            ],
            [
              6.057031758049678,
              55.47482091926636
            ]
          ]
        ]
      },
      "properties": {
        "component_id": 197,
        "pixel_count": 56,
        "centroid_x": 6.057437604061968,
        "centroid_y": 55.474501696513606,
        "bbox_min_x": 6.057031758049678,
        "bbox_min_y": 55.47419209856747,
        "bbox_max_x": 6.057840241805386,
        "bbox_max_y": 55.47482091926636,
        "area_km2": 0.0032,
        "georeferenced": true
      }
    },
    {
      "type": "Feature",
      "geometry": {
        "type": "Polygon",
        "coordinates": [
          [
            [
              6.025411060048671,
              55.47455142468112
            ],
            [
              6.026578869918026,
              55.47455142468112
            ],
            [
              6.026578869918026,
              55.473563277868585
            ],
            [
              6.025411060048671,
              55.473563277868585
            ],
            [
              6.025411060048671,
              55.47455142468112
            ]
          ]
        ]
      },
      "properties": {
        "component_id": 198,
        "pixel_count": 90,
        "centroid_x": 6.025988976214788,
        "centroid_y": 55.47401642802302,
        "bbox_min_x": 6.025411060048671,
        "bbox_min_y": 55.473563277868585,
        "bbox_max_x": 6.026578869918026,
        "bbox_max_y": 55.47455142468112,
        "area_km2": 0.0051,
        "georeferenced": true
      }
    },
    {
      "type": "Feature",
      "geometry": {
        "type": "Polygon",
        "coordinates": [
          [
            [
              6.020380494457601,
              55.4743717616243
            ],
            [
              6.021727967383781,
              55.4743717616243
            ],
            [
              6.021727967383781,
              55.47374294092541
            ],
            [
              6.020380494457601,
              55.47374294092541
            ],
            [
              6.020380494457601,
              55.4743717616243
            ]
          ]
        ]
      },
      "properties": {
        "component_id": 199,
        "pixel_count": 59,
        "centroid_x": 6.021161571984302,
        "centroid_y": 55.47410683474389,
        "bbox_min_x": 6.020380494457601,
        "bbox_min_y": 55.47374294092541,
        "bbox_max_x": 6.021727967383781,
        "bbox_max_y": 55.4743717616243,
        "area_km2": 0.0034,
        "georeferenced": true
      }
    },
    {
      "type": "Feature",
      "geometry": {
        "type": "Polygon",
        "coordinates": [
          [
            [
              6.047240121452775,
              55.47419209856747
            ],
            [
              6.049575741191486,
              55.47419209856747
            ],
            [
              6.049575741191486,
              55.473114120226526
            ],
            [
              6.047240121452775,
              55.473114120226526
            ],
            [
              6.047240121452775,
              55.47419209856747
            ]
          ]
        ]
      },
      "properties": {
        "component_id": 200,
        "pixel_count": 107,
        "centroid_x": 6.048204760949461,
        "centroid_y": 55.47368249354181,
        "bbox_min_x": 6.047240121452775,
        "bbox_min_y": 55.473114120226526,
        "bbox_max_x": 6.049575741191486,
        "bbox_max_y": 55.47419209856747,
        "area_km2": 0.0061,
        "georeferenced": true
      }
    },
    {
      "type": "Feature",
      "geometry": {
        "type": "Polygon",
        "coordinates": [
          [
            [
              5.980674958899519,
              55.47401243551065
            ],
            [
              5.981663105712051,
              55.47401243551065
            ],
            [
              5.981663105712051,
              55.473383614811766
            ],
            [
              5.980674958899519,
              55.473383614811766
            ],
            [
              5.980674958899519,
              55.47401243551065
            ]
          ]
        ]
      },
      "properties": {
        "component_id": 201,
        "pixel_count": 61,
        "centroid_x": 5.981097608877457,
        "centroid_y": 55.4736751991171,
        "bbox_min_x": 5.980674958899519,
        "bbox_min_y": 55.473383614811766,
        "bbox_max_x": 5.981663105712051,
        "bbox_max_y": 55.47401243551065,
        "area_km2": 0.0035,
        "georeferenced": true
      }
    },
    {
      "type": "Feature",
      "geometry": {
        "type": "Polygon",
        "coordinates": [
          [
            [
              6.067991204515937,
              55.473832772453825
            ],
            [
              6.0692488459137035,
              55.473832772453825
            ],
            [
              6.0692488459137035,
              55.47302428869812
            ],
            [
              6.067991204515937,
              55.47302428869812
            ],
            [
              6.067991204515937,
              55.473832772453825
            ]
          ]
        ]
      },
      "properties": {
        "component_id": 202,
        "pixel_count": 63,
        "centroid_x": 6.068786855196157,
        "centroid_y": 55.47348770531294,
        "bbox_min_x": 6.067991204515937,
        "bbox_min_y": 55.47302428869812,
        "bbox_max_x": 6.0692488459137035,
        "bbox_max_y": 55.473832772453825,
        "area_km2": 0.0036,
        "georeferenced": true
      }
    },
    {
      "type": "Feature",
      "geometry": {
        "type": "Polygon",
        "coordinates": [
          [
            [
              5.941059254869848,
              55.473383614811766
            ],
            [
              5.942586390852851,
              55.473383614811766
            ],
            [
              5.942586390852851,
              55.47248529952765
            ],
            [
              5.941059254869848,
              55.47248529952765
            ],
            [
              5.941059254869848,
              55.473383614811766
            ]
          ]
        ]
      },
      "properties": {
        "component_id": 203,
        "pixel_count": 69,
        "centroid_x": 5.941926324404955,
        "centroid_y": 55.47296440101251,
        "bbox_min_x": 5.941059254869848,
        "bbox_min_y": 55.47248529952765,
        "bbox_max_x": 5.942586390852851,
        "bbox_max_y": 55.473383614811766,
        "area_km2": 0.0039,
        "georeferenced": true
      }
    },
    {
      "type": "Feature",
      "geometry": {
        "type": "Polygon",
        "coordinates": [
          [
            [
              5.923901432943166,
              55.47329378328335
            ],
            [
              5.924709916698872,
              55.47329378328335
            ],
            [
              5.924709916698872,
              55.47266496258447
            ],
            [
              5.923901432943166,
              55.47266496258447
            ],
            [
              5.923901432943166,
              55.47329378328335
            ]
          ]
        ]
      },
      "properties": {
        "component_id": 204,
        "pixel_count": 51,
        "centroid_x": 5.92430479411976,
        "centroid_y": 55.472969685220065,
        "bbox_min_x": 5.923901432943166,
        "bbox_min_y": 55.47266496258447,
        "bbox_max_x": 5.924709916698872,
        "bbox_max_y": 55.47329378328335,
        "area_km2": 0.0029,
        "georeferenced": true
      }
    },
    {
      "type": "Feature",
      "geometry": {
        "type": "Polygon",
        "coordinates": [
          [
            [
              5.9962158133147865,
              55.47329378328335
            ],
            [
              5.997653117769378,
              55.47329378328335
            ],
            [
              5.997653117769378,
              55.47203614188559
            ],
            [
              5.9962158133147865,
              55.47203614188559
            ],
            [
              5.9962158133147865,
              55.47329378328335
            ]
          ]
        ]
      },
      "properties": {
        "component_id": 205,
        "pixel_count": 104,
        "centroid_x": 5.9970130681294425,
        "centroid_y": 55.472756521642275,
        "bbox_min_x": 5.9962158133147865,
        "bbox_min_y": 55.47203614188559,
        "bbox_max_x": 5.997653117769378,
        "bbox_max_y": 55.47329378328335,
        "area_km2": 0.0059,
        "georeferenced": true
      }
    },
    {
      "type": "Feature",
      "geometry": {
        "type": "Polygon",
        "coordinates": [
          [
            [
              5.93288458578436,
              55.47302428869812
            ],
            [
              5.934321890238952,
              55.47302428869812
            ],
            [
              5.934321890238952,
              55.472575131056054
            ],
            [
              5.93288458578436,
              55.472575131056054
            ],
            [
              5.93288458578436,
              55.47302428869812
            ]
          ]
        ]
      },
      "properties": {
        "component_id": 206,
        "pixel_count": 52,
        "centroid_x": 5.93357214248259,
        "centroid_y": 55.472777251994984,
        "bbox_min_x": 5.93288458578436,
        "bbox_min_y": 55.472575131056054,
        "bbox_max_x": 5.934321890238952,
        "bbox_max_y": 55.47302428869812,
        "area_km2": 0.003,
        "georeferenced": true
      }
    },
    {
      "type": "Feature",
      "geometry": {
        "type": "Polygon",
        "coordinates": [
          [
            [
              6.036999327213813,
              55.472844625641294
            ],
            [
              6.037717979441108,
              55.472844625641294
            ],
            [
              6.037717979441108,
              55.472125973413995
            ],
            [
              6.036999327213813,
              55.472125973413995
            ],
            [
              6.036999327213813,
              55.472844625641294
            ]
          ]
        ]
      },
      "properties": {
        "component_id": 207,
        "pixel_count": 54,
        "centroid_x": 6.037383606529797,
        "centroid_y": 55.47246866405942,
        "bbox_min_x": 6.036999327213813,
        "bbox_min_y": 55.472125973413995,
        "bbox_max_x": 6.037717979441108,
        "bbox_max_y": 55.472844625641294,
        "area_km2": 0.0031,
        "georeferenced": true
      }
    },
    {
      "type": "Feature",
      "geometry": {
        "type": "Polygon",
        "coordinates": [
          [
            [
              5.976902034706217,
              55.47248529952765
            ],
            [
              5.978339339160808,
              55.47248529952765
            ],
            [
              5.978339339160808,
              55.471946310357175
            ],
            [
              5.976902034706217,
              55.471946310357175
            ],
            [
              5.976902034706217,
              55.47248529952765
            ]
          ]
        ]
      },
      "properties": {
        "component_id": 208,
        "pixel_count": 55,
        "centroid_x": 5.977656619544877,
        "centroid_y": 55.47216190602536,
        "bbox_min_x": 5.976902034706217,
        "bbox_min_y": 55.471946310357175,
        "bbox_max_x": 5.978339339160808,
        "bbox_max_y": 55.47248529952765,
        "area_km2": 0.0031,
        "georeferenced": true
      }
    },
    {
      "type": "Feature",
      "geometry": {
        "type": "Polygon",
        "coordinates": [
          [
            [
              5.936388015392427,
              55.472395467999235
            ],
            [
              5.9371964991481345,
              55.472395467999235
            ],
            [
              5.9371964991481345,
              55.471676815771936
            ],
            [
              5.936388015392427,
              55.471676815771936
            ],
            [
              5.936388015392427,
              55.472395467999235
            ]
          ]
        ]
      },
      "properties": {
        "component_id": 209,
        "pixel_count": 57,
        "centroid_x": 5.936886028778009,
        "centroid_y": 55.472094453579466,
        "bbox_min_x": 5.936388015392427,
        "bbox_min_y": 55.471676815771936,
        "bbox_max_x": 5.9371964991481345,
        "bbox_max_y": 55.472395467999235,
        "area_km2": 0.0032,
        "georeferenced": true
      }
    },
    {
      "type": "Feature",
      "geometry": {
        "type": "Polygon",
        "coordinates": [
          [
            [
              5.968098544921846,
              55.472395467999235
            ],
            [
              5.969535849376437,
              55.472395467999235
            ],
            [
              5.969535849376437,
              55.47158698424352
            ],
            [
              5.968098544921846,
              55.47158698424352
            ],
            [
              5.968098544921846,
              55.472395467999235
            ]
          ]
        ]
      },
      "properties": {
        "component_id": 210,
        "pixel_count": 69,
        "centroid_x": 5.968731271339356,
        "centroid_y": 55.47198276373102,
        "bbox_min_x": 5.968098544921846,
        "bbox_min_y": 55.47158698424352,
        "bbox_max_x": 5.969535849376437,
        "bbox_max_y": 55.472395467999235,
        "area_km2": 0.0039,
        "georeferenced": true
      }
    },
    {
      "type": "Feature",
      "geometry": {
        "type": "Polygon",
        "coordinates": [
          [
            [
              5.958127245268119,
              55.47221580494241
            ],
            [
              5.959205223609063,
              55.47221580494241
            ],
            [
              5.959205223609063,
              55.471497152715116
            ],
            [
              5.958127245268119,
              55.471497152715116
            ],
            [
              5.958127245268119,
              55.47221580494241
            ]
          ]
        ]
      },
      "properties": {
        "component_id": 211,
        "pixel_count": 71,
        "centroid_x": 5.958644725481084,
        "centroid_y": 55.47186407022553,
        "bbox_min_x": 5.958127245268119,
        "bbox_min_y": 55.471497152715116,
        "bbox_max_x": 5.959205223609063,
        "bbox_max_y": 55.47221580494241,
        "area_km2": 0.004,
        "georeferenced": true
      }
    },
    {
      "type": "Feature",
      "geometry": {
        "type": "Polygon",
        "coordinates": [
          [
            [
              6.0588283886179175,
              55.47221580494241
            ],
            [
              6.060175861544097,
              55.47221580494241
            ],
            [
              6.060175861544097,
              55.471676815771936
            ],
            [
              6.0588283886179175,
              55.471676815771936
            ],
            [
              6.0588283886179175,
              55.47221580494241
            ]
          ]
        ]
      },
      "properties": {
        "component_id": 212,
        "pixel_count": 57,
        "centroid_x": 6.059523400969315,
        "centroid_y": 55.4719715262248,
        "bbox_min_x": 6.0588283886179175,
        "bbox_min_y": 55.471676815771936,
        "bbox_max_x": 6.060175861544097,
        "bbox_max_y": 55.47221580494241,
        "area_km2": 0.0032,
        "georeferenced": true
      }
    },
    {
      "type": "Feature",
      "geometry": {
        "type": "Polygon",
        "coordinates": [
          [
            [
              5.905306306561891,
              55.47203614188559
            ],
            [
              5.906024958789187,
              55.47203614188559
            ],
            [
              5.906024958789187,
              55.47122765812988
            ],
            [
              5.905306306561891,
              55.47122765812988
            ],
            [
              5.905306306561891,
              55.47203614188559
            ]
          ]
        ]
      },
      "properties": {
        "component_id": 213,
        "pixel_count": 50,
        "centroid_x": 5.905597360713946,
        "centroid_y": 55.47164447642171,
        "bbox_min_x": 5.905306306561891,
        "bbox_min_y": 55.47122765812988,
        "bbox_max_x": 5.906024958789187,
        "bbox_max_y": 55.47203614188559,
        "area_km2": 0.0028,
        "georeferenced": true
      }
    },
    {
      "type": "Feature",
      "geometry": {
        "type": "Polygon",
        "coordinates": [
          [
            [
              6.007444754366281,
              55.471946310357175
            ],
            [
              6.0084329011788125,
              55.471946310357175
            ],
            [
              6.0084329011788125,
              55.47131748965829
            ],
            [
              6.007444754366281,
              55.47131748965829
            ],
            [
              6.007444754366281,
              55.471946310357175
            ]
          ]
        ]
      },
      "properties": {
        "component_id": 214,
        "pixel_count": 56,
        "centroid_x": 6.008002993149984,
        "centroid_y": 55.47163350414217,
        "bbox_min_x": 6.007444754366281,
        "bbox_min_y": 55.47131748965829,
        "bbox_max_x": 6.0084329011788125,
        "bbox_max_y": 55.471946310357175,
        "area_km2": 0.0032,
        "georeferenced": true
      }
    },
    {
      "type": "Feature",
      "geometry": {
        "type": "Polygon",
        "coordinates": [
          [
            [
              5.961181517234126,
              55.47131748965829
            ],
            [
              5.961990000989833,
              55.47131748965829
            ],
            [
              5.961990000989833,
              55.47059883743099
            ],
            [
              5.961181517234126,
              55.47059883743099
            ],
            [
              5.961181517234126,
              55.47131748965829
            ]
          ]
        ]
      },
      "properties": {
        "component_id": 215,
        "pixel_count": 61,
        "centroid_x": 5.9615864954359825,
        "centroid_y": 55.47097436267271,
        "bbox_min_x": 5.961181517234126,
        "bbox_min_y": 55.47059883743099,
        "bbox_max_x": 5.961990000989833,
        "bbox_max_y": 55.47131748965829,
        "area_km2": 0.0035,
        "georeferenced": true
      }
    },
    {
      "type": "Feature",
      "geometry": {
        "type": "Polygon",
        "coordinates": [
          [
            [
              5.948605103256452,
              55.47104799507306
            ],
            [
              5.94986274465422,
              55.47104799507306
            ],
            [
              5.94986274465422,
              55.47032934284576
            ],
            [
              5.948605103256452,
              55.47032934284576
            ],
            [
              5.948605103256452,
              55.47104799507306
            ]
          ]
        ]
      },
      "properties": {
        "component_id": 216,
        "pixel_count": 68,
        "centroid_x": 5.949268271304434,
        "centroid_y": 55.47070980578962,
        "bbox_min_x": 5.948605103256452,
        "bbox_min_y": 55.47032934284576,
        "bbox_max_x": 5.94986274465422,
        "bbox_max_y": 55.47104799507306,
        "area_km2": 0.0039,
        "georeferenced": true
      }
    },
    {
      "type": "Feature",
      "geometry": {
        "type": "Polygon",
        "coordinates": [
          [
            [
              6.05712158957809,
              55.47077850048782
            ],
            [
              6.057840241805386,
              55.47077850048782
            ],
            [
              6.057840241805386,
              55.4698801852037
            ],
            [
              6.05712158957809,
              55.4698801852037
            ],
            [
              6.05712158957809,
              55.47077850048782
            ]
          ]
        ]
      },
      "properties": {
        "component_id": 217,
        "pixel_count": 55,
        "centroid_x": 6.057487448893804,
        "centroid_y": 55.47036690875764,
        "bbox_min_x": 6.05712158957809,
        "bbox_min_y": 55.4698801852037,
        "bbox_max_x": 6.057840241805386,
        "bbox_max_y": 55.47077850048782,
        "area_km2": 0.0031,
        "georeferenced": true
      }
    },
    {
      "type": "Feature",
      "geometry": {
        "type": "Polygon",
        "coordinates": [
          [
            [
              6.041580735162823,
              55.46970052214687
            ],
            [
              6.042748545032178,
              55.46970052214687
            ],
            [
              6.042748545032178,
              55.46871237533434
            ],
            [
              6.041580735162823,
              55.46871237533434
            ],
            [
              6.041580735162823,
              55.46970052214687
            ]
          ]
        ]
      },
      "properties": {
        "component_id": 218,
        "pixel_count": 93,
        "centroid_x": 6.04219796469675,
        "centroid_y": 55.46918954495838,
        "bbox_min_x": 6.041580735162823,
        "bbox_min_y": 55.46871237533434,
        "bbox_max_x": 6.042748545032178,
        "bbox_max_y": 55.46970052214687,
        "area_km2": 0.0053,
        "georeferenced": true
      }
    },
    {
      "type": "Feature",
      "geometry": {
        "type": "Polygon",
        "coordinates": [
          [
            [
              6.0583792309758575,
              55.46961069061846
            ],
            [
              6.059547040845213,
              55.46961069061846
            ],
            [
              6.059547040845213,
              55.46862254380593
            ],
            [
              6.0583792309758575,
              55.46862254380593
            ],
            [
              6.0583792309758575,
              55.46961069061846
            ]
          ]
        ]
      },
      "properties": {
        "component_id": 219,
        "pixel_count": 81,
        "centroid_x": 6.059016923924461,
        "centroid_y": 55.46917262328855,
        "bbox_min_x": 6.0583792309758575,
        "bbox_min_y": 55.46862254380593,
        "bbox_max_x": 6.059547040845213,
        "bbox_max_y": 55.46961069061846,
        "area_km2": 0.0046,
        "georeferenced": true
      }
    },
    {
      "type": "Feature",
      "geometry": {
        "type": "Polygon",
        "coordinates": [
          [
            [
              5.990646258553245,
              55.46952085909005
            ],
            [
              5.992173394536249,
              55.46952085909005
            ],
            [
              5.992173394536249,
              55.46889203839117
            ],
            [
              5.990646258553245,
              55.46889203839117
            ],
            [
              5.990646258553245,
              55.46952085909005
            ]
          ]
        ]
      },
      "properties": {
        "component_id": 220,
        "pixel_count": 64,
        "centroid_x": 5.991398597603696,
        "centroid_y": 55.469141882329566,
        "bbox_min_x": 5.990646258553245,
        "bbox_min_y": 55.46889203839117,
        "bbox_max_x": 5.992173394536249,
        "bbox_max_y": 55.46952085909005,
        "area_km2": 0.0036,
        "georeferenced": true
      }
    },
    {
      "type": "Feature",
      "geometry": {
        "type": "Polygon",
        "coordinates": [
          [
            [
              5.994868340388607,
              55.46952085909005
            ],
            [
              5.9962158133147865,
              55.46952085909005
            ],
            [
              5.9962158133147865,
              55.46889203839117
            ],
            [
              5.994868340388607,
              55.46889203839117
            ],
            [
              5.994868340388607,
              55.46952085909005
            ]
          ]
        ]
      },
      "properties": {
        "component_id": 221,
        "pixel_count": 51,
        "centroid_x": 5.9956556873141,
        "centroid_y": 55.469112213705905,
        "bbox_min_x": 5.994868340388607,
        "bbox_min_y": 55.46889203839117,
        "bbox_max_x": 5.9962158133147865,
        "bbox_max_y": 55.46952085909005,
        "area_km2": 0.0029,
        "georeferenced": true
      }
    },
    {
      "type": "Feature",
      "geometry": {
        "type": "Polygon",
        "coordinates": [
          [
            [
              6.080298123908374,
              55.46934119603323
            ],
            [
              6.081196439192493,
              55.46934119603323
            ],
            [
              6.081196439192493,
              55.46871237533434
            ],
            [
              6.080298123908374,
              55.46871237533434
            ],
            [
              6.080298123908374,
              55.46934119603323
            ]
          ]
        ]
      },
      "properties": {
        "component_id": 222,
        "pixel_count": 51,
        "centroid_x": 6.080773702588202,
        "centroid_y": 55.46906465583792,
        "bbox_min_x": 6.080298123908374,
        "bbox_min_y": 55.46871237533434,
        "bbox_max_x": 6.081196439192493,
        "bbox_max_y": 55.46934119603323,
        "area_km2": 0.0029,
        "georeferenced": true
      }
    },
    {
      "type": "Feature",
      "geometry": {
        "type": "Polygon",
        "coordinates": [
          [
            [
              6.03133994092386,
              55.46898186991958
            ],
            [
              6.032507750793215,
              55.46898186991958
            ],
            [
              6.032507750793215,
              55.46808355463546
            ],
            [
              6.03133994092386,
              55.46808355463546
            ],
            [
              6.03133994092386,
              55.46898186991958
            ]
          ]
        ]
      },
      "properties": {
        "component_id": 223,
        "pixel_count": 68,
        "centroid_x": 6.031917240599095,
        "centroid_y": 55.46862518590971,
        "bbox_min_x": 6.03133994092386,
        "bbox_min_y": 55.46808355463546,
        "bbox_max_x": 6.032507750793215,
        "bbox_max_y": 55.46898186991958,
        "area_km2": 0.0039,
        "georeferenced": true
      }
    },
    {
      "type": "Feature",
      "geometry": {
        "type": "Polygon",
        "coordinates": [
          [
            [
              5.960732359592066,
              55.46889203839117
            ],
            [
              5.961720506404597,
              55.46889203839117
            ],
            [
              5.961720506404597,
              55.46826321769228
            ],
            [
              5.960732359592066,
              55.46826321769228
            ],
            [
              5.960732359592066,
              55.46889203839117
            ]
          ]
        ]
      },
      "properties": {
        "component_id": 224,
        "pixel_count": 55,
        "centroid_x": 5.961223983047557,
        "centroid_y": 55.46859641099766,
        "bbox_min_x": 5.960732359592066,
        "bbox_min_y": 55.46826321769228,
        "bbox_max_x": 5.961720506404597,
        "bbox_max_y": 55.46889203839117,
        "area_km2": 0.0031,
        "georeferenced": true
      }
    },
    {
      "type": "Feature",
      "geometry": {
        "type": "Polygon",
        "coordinates": [
          [
            [
              5.966751071995667,
              55.46889203839117
            ],
            [
              5.968188376450257,
              55.46889203839117
            ],
            [
              5.968188376450257,
              55.46853271227752
            ],
            [
              5.966751071995667,
              55.46853271227752
            ],
            [
              5.966751071995667,
              55.46889203839117
            ]
          ]
        ]
      },
      "properties": {
        "component_id": 225,
        "pixel_count": 57,
        "centroid_x": 5.967383044678003,
        "centroid_y": 55.468726559259885,
        "bbox_min_x": 5.966751071995667,
        "bbox_min_y": 55.46853271227752,
        "bbox_max_x": 5.968188376450257,
        "bbox_max_y": 55.46889203839117,
        "area_km2": 0.0032,
        "georeferenced": true
      }
    },
    {
      "type": "Feature",
      "geometry": {
        "type": "Polygon",
        "coordinates": [
          [
            [
              6.033136571492099,
              55.46862254380593
            ],
            [
              6.034663707475103,
              55.46862254380593
            ],
            [
              6.034663707475103,
              55.46754456546499
            ],
            [
              6.033136571492099,
              55.46754456546499
            ],
            [
              6.033136571492099,
              55.46862254380593
            ]
          ]
        ]
      },
      "properties": {
        "component_id": 226,
        "pixel_count": 75,
        "centroid_x": 6.033813302339469,
        "centroid_y": 55.46801767818129,
        "bbox_min_x": 6.033136571492099,
        "bbox_min_y": 55.46754456546499,
        "bbox_max_x": 6.034663707475103,
        "bbox_max_y": 55.46862254380593,
        "area_km2": 0.0043,
        "georeferenced": true
      }
    },
    {
      "type": "Feature",
      "geometry": {
        "type": "Polygon",
        "coordinates": [
          [
            [
              5.970434164660556,
              55.46844288074911
            ],
            [
              5.971691806058324,
              55.46844288074911
            ],
            [
              5.971691806058324,
              55.4676343969934
            ],
            [
              5.970434164660556,
              55.4676343969934
            ],
            [
              5.970434164660556,
              55.46844288074911
            ]
          ]
        ]
      },
      "properties": {
        "component_id": 227,
        "pixel_count": 77,
        "centroid_x": 5.971006986484586,
        "centroid_y": 55.4680007229664,
        "bbox_min_x": 5.970434164660556,
        "bbox_min_y": 55.4676343969934,
        "bbox_max_x": 5.971691806058324,
        "bbox_max_y": 55.46844288074911,
        "area_km2": 0.0044,
        "georeferenced": true
      }
    },
    {
      "type": "Feature",
      "geometry": {
        "type": "Polygon",
        "coordinates": [
          [
            [
              5.973308773569739,
              55.468353049220696
            ],
            [
              5.974566414967506,
              55.468353049220696
            ],
            [
              5.974566414967506,
              55.466466587124046
            ],
            [
              5.973308773569739,
              55.466466587124046
            ],
            [
              5.973308773569739,
              55.468353049220696
            ]
          ]
        ]
      },
      "properties": {
        "component_id": 228,
        "pixel_count": 96,
        "centroid_x": 5.9739235580923085,
        "centroid_y": 55.467231090860636,
        "bbox_min_x": 5.973308773569739,
        "bbox_min_y": 55.466466587124046,
        "bbox_max_x": 5.974566414967506,
        "bbox_max_y": 55.468353049220696,
        "area_km2": 0.0055,
        "georeferenced": true
      }
    },
    {
      "type": "Feature",
      "geometry": {
        "type": "Polygon",
        "coordinates": [
          [
            [
              6.043197702674238,
              55.46772422852181
            ],
            [
              6.044455344072005,
              55.46772422852181
            ],
            [
              6.044455344072005,
              55.46682591323769
            ],
            [
              6.043197702674238,
              55.46682591323769
            ],
            [
              6.043197702674238,
              55.46772422852181
            ]
          ]
        ]
      },
      "properties": {
        "component_id": 229,
        "pixel_count": 92,
        "centroid_x": 6.043811876928271,
        "centroid_y": 55.46729557590254,
        "bbox_min_x": 6.043197702674238,
        "bbox_min_y": 55.46682591323769,
        "bbox_max_x": 6.044455344072005,
        "bbox_max_y": 55.46772422852181,
        "area_km2": 0.0052,
        "georeferenced": true
      }
    },
    {
      "type": "Feature",
      "geometry": {
        "type": "Polygon",
        "coordinates": [
          [
            [
              5.976991866234629,
              55.467364902408164
            ],
            [
              5.9782495076323965,
              55.467364902408164
            ],
            [
              5.9782495076323965,
              55.46673608170928
            ],
            [
              5.976991866234629,
              55.46673608170928
            ],
            [
              5.976991866234629,
              55.467364902408164
            ]
          ]
        ]
      },
      "properties": {
        "component_id": 230,
        "pixel_count": 68,
        "centroid_x": 5.977727692136474,
        "centroid_y": 55.46708616045971,
        "bbox_min_x": 5.976991866234629,
        "bbox_min_y": 55.46673608170928,
        "bbox_max_x": 5.9782495076323965,
        "bbox_max_y": 55.467364902408164,
        "area_km2": 0.0039,
        "georeferenced": true
      }
    },
    {
      "type": "Feature",
      "geometry": {
        "type": "Polygon",
        "coordinates": [
          [
            [
              6.056672431936031,
              55.46655641865246
            ],
            [
              6.057660578748562,
              55.46655641865246
            ],
            [
              6.057660578748562,
              55.46484961961263
            ],
            [
              6.056672431936031,
              55.46484961961263
            ],
            [
              6.056672431936031,
              55.46655641865246
            ]
          ]
        ]
      },
      "properties": {
        "component_id": 231,
        "pixel_count": 123,
        "centroid_x": 6.057141308694083,
        "centroid_y": 55.465729676456014,
        "bbox_min_x": 6.056672431936031,
        "bbox_min_y": 55.46484961961263,
        "bbox_max_x": 6.057660578748562,
        "bbox_max_y": 55.46655641865246,
        "area_km2": 0.007,
        "georeferenced": true
      }
    },
    {
      "type": "Feature",
      "geometry": {
        "type": "Polygon",
        "coordinates": [
          [
            [
              5.947347461858684,
              55.466197092538806
            ],
            [
              5.948335608671216,
              55.466197092538806
            ],
            [
              5.948335608671216,
              55.465658103368334
            ],
            [
              5.947347461858684,
              55.465658103368334
            ],
            [
              5.947347461858684,
              55.466197092538806
            ]
          ]
        ]
      },
      "properties": {
        "component_id": 232,
        "pixel_count": 50,
        "centroid_x": 5.947845128526087,
        "centroid_y": 55.46588807208107,
        "bbox_min_x": 5.947347461858684,
        "bbox_min_y": 55.465658103368334,
        "bbox_max_x": 5.948335608671216,
        "bbox_max_y": 55.466197092538806,
        "area_km2": 0.0028,
        "georeferenced": true
      }
    },
    {
      "type": "Feature",
      "geometry": {
        "type": "Polygon",
        "coordinates": [
          [
            [
              6.061164008356628,
              55.46529877725469
            ],
            [
              6.062331818225983,
              55.46529877725469
            ],
            [
              6.062331818225983,
              55.464759788084216
            ],
            [
              6.061164008356628,
              55.464759788084216
            ],
            [
              6.061164008356628,
              55.46529877725469
            ]
          ]
        ]
      },
      "properties": {
        "component_id": 233,
        "pixel_count": 57,
        "centroid_x": 6.061696693560194,
        "centroid_y": 55.465076562421245,
        "bbox_min_x": 6.061164008356628,
        "bbox_min_y": 55.464759788084216,
        "bbox_max_x": 6.062331818225983,
        "bbox_max_y": 55.46529877725469,
        "area_km2": 0.0032,
        "georeferenced": true
      }
    },
    {
      "type": "Feature",
      "geometry": {
        "type": "Polygon",
        "coordinates": [
          [
            [
              5.931357449801357,
              55.465208945726275
            ],
            [
              5.932794754255949,
              55.465208945726275
            ],
            [
              5.932794754255949,
              55.4646699565558
            ],
            [
              5.931357449801357,
              55.4646699565558
            ],
            [
              5.931357449801357,
              55.465208945726275
            ]
          ]
        ]
      },
      "properties": {
        "component_id": 234,
        "pixel_count": 51,
        "centroid_x": 5.932063772211028,
        "centroid_y": 55.464916552908306,
        "bbox_min_x": 5.931357449801357,
        "bbox_min_y": 55.4646699565558,
        "bbox_max_x": 5.932794754255949,
        "bbox_max_y": 55.465208945726275,
        "area_km2": 0.0029,
        "georeferenced": true
      }
    },
    {
      "type": "Feature",
      "geometry": {
        "type": "Polygon",
        "coordinates": [
          [
            [
              5.907911420885838,
              55.464759788084216
            ],
            [
              5.908719904641545,
              55.464759788084216
            ],
            [
              5.908719904641545,
              55.46413096738534
            ],
            [
              5.907911420885838,
              55.46413096738534
            ],
            [
              5.907911420885838,
              55.464759788084216
            ]
          ]
        ]
      },
      "properties": {
        "component_id": 235,
        "pixel_count": 52,
        "centroid_x": 5.908277657117056,
        "centroid_y": 55.46446783561688,
        "bbox_min_x": 5.907911420885838,
        "bbox_min_y": 55.46413096738534,
        "bbox_max_x": 5.908719904641545,
        "bbox_max_y": 55.464759788084216,
        "area_km2": 0.003,
        "georeferenced": true
      }
    },
    {
      "type": "Feature",
      "geometry": {
        "type": "Polygon",
        "coordinates": [
          [
            [
              6.043018039617413,
              55.464759788084216
            ],
            [
              6.0441858494867695,
              55.464759788084216
            ],
            [
              6.0441858494867695,
              55.46413096738534
            ],
            [
              6.043018039617413,
              55.46413096738534
            ],
            [
              6.043018039617413,
              55.464759788084216
            ]
          ]
        ]
      },
      "properties": {
        "component_id": 236,
        "pixel_count": 57,
        "centroid_x": 6.043590124614142,
        "centroid_y": 55.46441937387129,
        "bbox_min_x": 6.043018039617413,
        "bbox_min_y": 55.46413096738534,
        "bbox_max_x": 6.0441858494867695,
        "bbox_max_y": 55.464759788084216,
        "area_km2": 0.0032,
        "georeferenced": true
      }
    },
    {
      "type": "Feature",
      "geometry": {
        "type": "Polygon",
        "coordinates": [
          [
            [
              6.063319965038515,
              55.464759788084216
            ],
            [
              6.06493693254993,
              55.464759788084216
            ],
            [
              6.06493693254993,
              55.46395130432851
            ],
            [
              6.063319965038515,
              55.46395130432851
            ],
            [
              6.063319965038515,
              55.464759788084216
            ]
          ]
        ]
      },
      "properties": {
        "component_id": 237,
        "pixel_count": 72,
        "centroid_x": 6.0640660657883805,
        "centroid_y": 55.464358041526594,
        "bbox_min_x": 6.063319965038515,
        "bbox_min_y": 55.46395130432851,
        "bbox_max_x": 6.06493693254993,
        "bbox_max_y": 55.464759788084216,
        "area_km2": 0.0041,
        "georeferenced": true
      }
    },
    {
      "type": "Feature",
      "geometry": {
        "type": "Polygon",
        "coordinates": [
          [
            [
              5.934681216352599,
              55.464580125027396
            ],
            [
              5.935938857750367,
              55.464580125027396
            ],
            [
              5.935938857750367,
              55.46395130432851
            ],
            [
              5.934681216352599,
              55.46395130432851
            ],
            [
              5.934681216352599,
              55.464580125027396
            ]
          ]
        ]
      },
      "properties": {
        "component_id": 238,
        "pixel_count": 57,
        "centroid_x": 5.935278517216952,
        "centroid_y": 55.4641766711454,
        "bbox_min_x": 5.934681216352599,
        "bbox_min_y": 55.46395130432851,
        "bbox_max_x": 5.935938857750367,
        "bbox_max_y": 55.464580125027396,
        "area_km2": 0.0032,
        "georeferenced": true
      }
    },
    {
      "type": "Feature",
      "geometry": {
        "type": "Polygon",
        "coordinates": [
          [
            [
              6.029363647298797,
              55.464580125027396
            ],
            [
              6.031070446338624,
              55.464580125027396
            ],
            [
              6.031070446338624,
              55.46368180974327
            ],
            [
              6.029363647298797,
              55.46368180974327
            ],
            [
              6.029363647298797,
              55.464580125027396
            ]
          ]
        ]
      },
      "properties": {
        "component_id": 239,
        "pixel_count": 104,
        "centroid_x": 6.030175586113289,
        "centroid_y": 55.46405754738615,
        "bbox_min_x": 6.029363647298797,
        "bbox_min_y": 55.46368180974327,
        "bbox_max_x": 6.031070446338624,
        "bbox_max_y": 55.464580125027396,
        "area_km2": 0.0059,
        "georeferenced": true
      }
    },
    {
      "type": "Feature",
      "geometry": {
        "type": "Polygon",
        "coordinates": [
          [
            [
              5.952737353563402,
              55.46449029349898
            ],
            [
              5.954174658017993,
              55.46449029349898
            ],
            [
              5.954174658017993,
              55.4638614728001
            ],
            [
              5.952737353563402,
              55.4638614728001
            ],
            [
              5.952737353563402,
              55.46449029349898
            ]
          ]
        ]
      },
      "properties": {
        "component_id": 240,
        "pixel_count": 72,
        "centroid_x": 5.953424814287777,
        "centroid_y": 55.46418835975071,
        "bbox_min_x": 5.952737353563402,
        "bbox_min_y": 55.4638614728001,
        "bbox_max_x": 5.954174658017993,
        "bbox_max_y": 55.46449029349898,
        "area_km2": 0.0041,
        "georeferenced": true
      }
    },
    {
      "type": "Feature",
      "geometry": {
        "type": "Polygon",
        "coordinates": [
          [
            [
              6.030980614810212,
              55.46413096738534
            ],
            [
              6.0324179192648035,
              55.46413096738534
            ],
            [
              6.0324179192648035,
              55.463322483629625
            ],
            [
              6.030980614810212,
              55.463322483629625
            ],
            [
              6.030980614810212,
              55.46413096738534
            ]
          ]
        ]
      },
      "properties": {
        "component_id": 241,
        "pixel_count": 86,
        "centroid_x": 6.031738960038434,
        "centroid_y": 55.463741349244664,
        "bbox_min_x": 6.030980614810212,
        "bbox_min_y": 55.463322483629625,
        "bbox_max_x": 6.0324179192648035,
        "bbox_max_y": 55.46413096738534,
        "area_km2": 0.0049,
        "georeferenced": true
      }
    },
    {
      "type": "Feature",
      "geometry": {
        "type": "Polygon",
        "coordinates": [
          [
            [
              5.964505283785368,
              55.46368180974327
            ],
            [
              5.965673093654723,
              55.46368180974327
            ],
            [
              5.965673093654723,
              55.463322483629625
            ],
            [
              5.964505283785368,
              55.463322483629625
            ],
            [
              5.964505283785368,
              55.46368180974327
            ]
          ]
        ]
      },
      "properties": {
        "component_id": 242,
        "pixel_count": 50,
        "centroid_x": 5.965137697745388,
        "centroid_y": 55.463518316361565,
        "bbox_min_x": 5.964505283785368,
        "bbox_min_y": 55.463322483629625,
        "bbox_max_x": 5.965673093654723,
        "bbox_max_y": 55.46368180974327,
        "area_km2": 0.0028,
        "georeferenced": true
      }
    },
    {
      "type": "Feature",
      "geometry": {
        "type": "Polygon",
        "coordinates": [
          [
            [
              6.050563888004017,
              55.46323265210121
            ],
            [
              6.051911360930197,
              55.46323265210121
            ],
            [
              6.051911360930197,
              55.462873325987566
            ],
            [
              6.050563888004017,
              55.462873325987566
            ],
            [
              6.050563888004017,
              55.46323265210121
            ]
          ]
        ]
      },
      "properties": {
        "component_id": 243,
        "pixel_count": 53,
        "centroid_x": 6.05113338599546,
        "centroid_y": 55.4630411245029,
        "bbox_min_x": 6.050563888004017,
        "bbox_min_y": 55.462873325987566,
        "bbox_max_x": 6.051911360930197,
        "bbox_max_y": 55.46323265210121,
        "area_km2": 0.003,
        "georeferenced": true
      }
    },
    {
      "type": "Feature",
      "geometry": {
        "type": "Polygon",
        "coordinates": [
          [
            [
              5.9815732741836385,
              55.46296315751598
            ],
            [
              5.983190241695054,
              55.46296315751598
            ],
            [
              5.983190241695054,
              55.462334336817094
            ],
            [
              5.9815732741836385,
              55.462334336817094
            ],
            [
              5.9815732741836385,
              55.46296315751598
            ]
          ]
        ]
      },
      "properties": {
        "component_id": 244,
        "pixel_count": 83,
        "centroid_x": 5.9823947456302005,
        "centroid_y": 55.46268067523989,
        "bbox_min_x": 5.9815732741836385,
        "bbox_min_y": 55.462334336817094,
        "bbox_max_x": 5.983190241695054,
        "bbox_max_y": 55.46296315751598,
        "area_km2": 0.0047,
        "georeferenced": true
      }
    },
    {
      "type": "Feature",
      "geometry": {
        "type": "Polygon",
        "coordinates": [
          [
            [
              5.953905163432757,
              55.46242416834551
            ],
            [
              5.955791625529408,
              55.46242416834551
            ],
            [
              5.955791625529408,
              55.46125635847615
            ],
            [
              5.953905163432757,
              55.46125635847615
            ],
            [
              5.953905163432757,
              55.46242416834551
            ]
          ]
        ]
      },
      "properties": {
        "component_id": 245,
        "pixel_count": 127,
        "centroid_x": 5.954858650836689,
        "centroid_y": 55.46183708040392,
        "bbox_min_x": 5.953905163432757,
        "bbox_min_y": 55.46125635847615,
        "bbox_max_x": 5.955791625529408,
        "bbox_max_y": 55.46242416834551,
        "area_km2": 0.0072,
        "georeferenced": true
      }
    },
    {
      "type": "Feature",
      "geometry": {
        "type": "Polygon",
        "coordinates": [
          [
            [
              6.078950650982194,
              55.462334336817094
            ],
            [
              6.079759134737902,
              55.462334336817094
            ],
            [
              6.079759134737902,
              55.46170551611821
            ],
            [
              6.078950650982194,
              55.46170551611821
            ],
            [
              6.078950650982194,
              55.462334336817094
            ]
          ]
        ]
      },
      "properties": {
        "component_id": 246,
        "pixel_count": 52,
        "centroid_x": 6.07930824956645,
        "centroid_y": 55.46203892929097,
        "bbox_min_x": 6.078950650982194,
        "bbox_min_y": 55.46170551611821,
        "bbox_max_x": 6.079759134737902,
        "bbox_max_y": 55.462334336817094,
        "area_km2": 0.003,
        "georeferenced": true
      }
    },
    {
      "type": "Feature",
      "geometry": {
        "type": "Polygon",
        "coordinates": [
          [
            [
              5.993071709820368,
              55.46206484223186
            ],
            [
              5.994149688161312,
              55.46206484223186
            ],
            [
              5.994149688161312,
              55.4608970323625
            ],
            [
              5.993071709820368,
              55.4608970323625
            ],
            [
              5.993071709820368,
              55.46206484223186
            ]
          ]
        ]
      },
      "properties": {
        "component_id": 247,
        "pixel_count": 94,
        "centroid_x": 5.993478818661895,
        "centroid_y": 55.461515340861254,
        "bbox_min_x": 5.993071709820368,
        "bbox_min_y": 55.4608970323625,
        "bbox_max_x": 5.994149688161312,
        "bbox_max_y": 55.46206484223186,
        "area_km2": 0.0053,
        "georeferenced": true
      }
    },
    {
      "type": "Feature",
      "geometry": {
        "type": "Polygon",
        "coordinates": [
          [
            [
              6.018494032360951,
              55.46179534764662
            ],
            [
              6.019572010701895,
              55.46179534764662
            ],
            [
              6.019572010701895,
              55.46134619000456
            ],
            [
              6.018494032360951,
              55.46134619000456
            ],
            [
              6.018494032360951,
              55.46179534764662
            ]
          ]
        ]
      },
      "properties": {
        "component_id": 248,
        "pixel_count": 50,
        "centroid_x": 6.019088717079038,
        "centroid_y": 55.4615366328448,
        "bbox_min_x": 6.018494032360951,
        "bbox_min_y": 55.46134619000456,
        "bbox_max_x": 6.019572010701895,
        "bbox_max_y": 55.46179534764662,
        "area_km2": 0.0028,
        "georeferenced": true
      }
    },
    {
      "type": "Feature",
      "geometry": {
        "type": "Polygon",
        "coordinates": [
          [
            [
              6.041760398219647,
              55.4616156845898
            ],
            [
              6.043018039617413,
              55.4616156845898
            ],
            [
              6.043018039617413,
              55.460986863890916
            ],
            [
              6.041760398219647,
              55.460986863890916
            ],
            [
              6.041760398219647,
              55.4616156845898
            ]
          ]
        ]
      },
      "properties": {
        "component_id": 249,
        "pixel_count": 57,
        "centroid_x": 6.042313571315657,
        "centroid_y": 55.46132412612039,
        "bbox_min_x": 6.041760398219647,
        "bbox_min_y": 55.460986863890916,
        "bbox_max_x": 6.043018039617413,
        "bbox_max_y": 55.4616156845898,
        "area_km2": 0.0032,
        "georeferenced": true
      }
    },
    {
      "type": "Feature",
      "geometry": {
        "type": "Polygon",
        "coordinates": [
          [
            [
              6.072213286351298,
              55.46125635847615
            ],
            [
              6.073650590805889,
              55.46125635847615
            ],
            [
              6.073650590805889,
              55.46080720083409
            ],
            [
              6.072213286351298,
              55.46080720083409
            ],
            [
              6.072213286351298,
              55.46125635847615
            ]
          ]
        ]
      },
      "properties": {
        "component_id": 250,
        "pixel_count": 54,
        "centroid_x": 6.072921957297659,
        "centroid_y": 55.4610301161083,
        "bbox_min_x": 6.072213286351298,
        "bbox_min_y": 55.46080720083409,
        "bbox_max_x": 6.073650590805889,
        "bbox_max_y": 55.46125635847615,
        "area_km2": 0.0031,
        "georeferenced": true
      }
    },
    {
      "type": "Feature",
      "geometry": {
        "type": "Polygon",
        "coordinates": [
          [
            [
              5.98902929104183,
              55.461166526947736
            ],
            [
              5.990017437854362,
              55.461166526947736
            ],
            [
              5.990017437854362,
              55.46026821166362
            ],
            [
              5.98902929104183,
              55.46026821166362
            ],
            [
              5.98902929104183,
              55.461166526947736
            ]
          ]
        ]
      },
      "properties": {
        "component_id": 251,
        "pixel_count": 76,
        "centroid_x": 5.9895044525473775,
        "centroid_y": 55.46074810114435,
        "bbox_min_x": 5.98902929104183,
        "bbox_min_y": 55.46026821166362,
        "bbox_max_x": 5.990017437854362,
        "bbox_max_y": 55.461166526947736,
        "area_km2": 0.0043,
        "georeferenced": true
      }
    },
    {
      "type": "Feature",
      "geometry": {
        "type": "Polygon",
        "coordinates": [
          [
            [
              6.004120987815038,
              55.461166526947736
            ],
            [
              6.005378629212806,
              55.461166526947736
            ],
            [
              6.005378629212806,
              55.46053770624886
            ],
            [
              6.004120987815038,
              55.46053770624886
            ],
            [
              6.004120987815038,
              55.461166526947736
            ]
          ]
        ]
      },
      "properties": {
        "component_id": 252,
        "pixel_count": 74,
        "centroid_x": 6.0047668036679465,
        "centroid_y": 55.46082298204854,
        "bbox_min_x": 6.004120987815038,
        "bbox_min_y": 55.46053770624886,
        "bbox_max_x": 6.005378629212806,
        "bbox_max_y": 55.461166526947736,
        "area_km2": 0.0042,
        "georeferenced": true
      }
    },
    {
      "type": "Feature",
      "geometry": {
        "type": "Polygon",
        "coordinates": [
          [
            [
              5.972590121342443,
              55.46080720083409
            ],
            [
              5.973488436626563,
              55.46080720083409
            ],
            [
              5.973488436626563,
              55.46026821166362
            ],
            [
              5.972590121342443,
              55.46026821166362
            ],
            [
              5.972590121342443,
              55.46080720083409
            ]
          ]
        ]
      },
      "properties": {
        "component_id": 253,
        "pixel_count": 51,
        "centroid_x": 5.973067461424789,
        "centroid_y": 55.46057117289669,
        "bbox_min_x": 5.972590121342443,
        "bbox_min_y": 55.46026821166362,
        "bbox_max_x": 5.973488436626563,
        "bbox_max_y": 55.46080720083409,
        "area_km2": 0.0029,
        "georeferenced": true
      }
    },
    {
      "type": "Feature",
      "geometry": {
        "type": "Polygon",
        "coordinates": [
          [
            [
              6.0319687616227435,
              55.46062753777727
            ],
            [
              6.033585729134159,
              55.46062753777727
            ],
            [
              6.033585729134159,
              55.459998717078385
            ],
            [
              6.0319687616227435,
              55.459998717078385
            ],
            [
              6.0319687616227435,
              55.46062753777727
            ]
          ]
        ]
      },
      "properties": {
        "component_id": 254,
        "pixel_count": 95,
        "centroid_x": 6.032917193443767,
        "centroid_y": 55.46026064690333,
        "bbox_min_x": 6.0319687616227435,
        "bbox_min_y": 55.459998717078385,
        "bbox_max_x": 6.033585729134159,
        "bbox_max_y": 55.46062753777727,
        "area_km2": 0.0054,
        "georeferenced": true
      }
    },
    {
      "type": "Feature",
      "geometry": {
        "type": "Polygon",
        "coordinates": [
          [
            [
              6.07922014556743,
              55.46026821166362
            ],
            [
              6.079938797794726,
              55.46026821166362
            ],
            [
              6.079938797794726,
              55.459549559436326
            ],
            [
              6.07922014556743,
              55.459549559436326
            ],
            [
              6.07922014556743,
              55.46026821166362
            ]
          ]
        ]
      },
      "properties": {
        "component_id": 255,
        "pixel_count": 52,
        "centroid_x": 6.079525918269909,
        "centroid_y": 55.459917523196935,
        "bbox_min_x": 6.07922014556743,
        "bbox_min_y": 55.459549559436326,
        "bbox_max_x": 6.079938797794726,
        "bbox_max_y": 55.46026821166362,
        "area_km2": 0.003,
        "georeferenced": true
      }
    },
    {
      "type": "Feature",
      "geometry": {
        "type": "Polygon",
        "coordinates": [
          [
            [
              5.950132239239455,
              55.459998717078385
            ],
            [
              5.951569543694046,
              55.459998717078385
            ],
            [
              5.951569543694046,
              55.45945972790791
            ],
            [
              5.950132239239455,
              55.45945972790791
            ],
            [
              5.950132239239455,
              55.459998717078385
            ]
          ]
        ]
      },
      "properties": {
        "component_id": 256,
        "pixel_count": 70,
        "centroid_x": 5.950813675547837,
        "centroid_y": 55.45968559003649,
        "bbox_min_x": 5.950132239239455,
        "bbox_min_y": 55.45945972790791,
        "bbox_max_x": 5.951569543694046,
        "bbox_max_y": 55.459998717078385,
        "area_km2": 0.004,
        "georeferenced": true
      }
    },
    {
      "type": "Feature",
      "geometry": {
        "type": "Polygon",
        "coordinates": [
          [
            [
              6.0060074499116896,
              55.459998717078385
            ],
            [
              6.007354922837869,
              55.459998717078385
            ],
            [
              6.007354922837869,
              55.45820208651014
            ],
            [
              6.0060074499116896,
              55.45820208651014
            ],
            [
              6.0060074499116896,
              55.459998717078385
            ]
          ]
        ]
      },
      "properties": {
        "component_id": 257,
        "pixel_count": 158,
        "centroid_x": 6.006658444215687,
        "centroid_y": 55.45907765963517,
        "bbox_min_x": 6.0060074499116896,
        "bbox_min_y": 55.45820208651014,
        "bbox_max_x": 6.007354922837869,
        "bbox_max_y": 55.459998717078385,
        "area_km2": 0.009,
        "georeferenced": true
      }
    },
    {
      "type": "Feature",
      "geometry": {
        "type": "Polygon",
        "coordinates": [
          [
            [
              5.964684946842191,
              55.45990888554997
            ],
            [
              5.965583262126311,
              55.45990888554997
            ],
            [
              5.965583262126311,
              55.4593698963795
            ],
            [
              5.964684946842191,
              55.4593698963795
            ],
            [
              5.964684946842191,
              55.45990888554997
            ]
          ]
        ]
      },
      "properties": {
        "component_id": 258,
        "pixel_count": 53,
        "centroid_x": 5.965093426056291,
        "centroid_y": 55.45966142511321,
        "bbox_min_x": 5.964684946842191,
        "bbox_min_y": 55.4593698963795,
        "bbox_max_x": 5.965583262126311,
        "bbox_max_y": 55.45990888554997,
        "area_km2": 0.003,
        "georeferenced": true
      }
    },
    {
      "type": "Feature",
      "geometry": {
        "type": "Polygon",
        "coordinates": [
          [
            [
              6.076704862771896,
              55.459729222493145
            ],
            [
              6.077872672641251,
              55.459729222493145
            ],
            [
              6.077872672641251,
              55.45919023332267
            ],
            [
              6.076704862771896,
              55.45919023332267
            ],
            [
              6.076704862771896,
              55.459729222493145
            ]
          ]
        ]
      },
      "properties": {
        "component_id": 259,
        "pixel_count": 52,
        "centroid_x": 6.0773405935883495,
        "centroid_y": 55.45945109026095,
        "bbox_min_x": 6.076704862771896,
        "bbox_min_y": 55.45919023332267,
        "bbox_max_x": 6.077872672641251,
        "bbox_max_y": 55.459729222493145,
        "area_km2": 0.003,
        "georeferenced": true
      }
    },
    {
      "type": "Feature",
      "geometry": {
        "type": "Polygon",
        "coordinates": [
          [
            [
              6.03133994092386,
              55.45963939096474
            ],
            [
              6.0324179192648035,
              55.45963939096474
            ],
            [
              6.0324179192648035,
              55.45892073873744
            ],
            [
              6.03133994092386,
              55.45892073873744
            ],
            [
              6.03133994092386,
              55.45963939096474
            ]
          ]
        ]
      },
      "properties": {
        "component_id": 260,
        "pixel_count": 75,
        "centroid_x": 6.031946004302212,
        "centroid_y": 55.45928365811223,
        "bbox_min_x": 6.03133994092386,
        "bbox_min_y": 55.45892073873744,
        "bbox_max_x": 6.0324179192648035,
        "bbox_max_y": 55.45963939096474,
        "area_km2": 0.0043,
        "georeferenced": true
      }
    },
    {
      "type": "Feature",
      "geometry": {
        "type": "Polygon",
        "coordinates": [
          [
            [
              5.918870867352096,
              55.45910040179427
            ],
            [
              5.9198590141646275,
              55.45910040179427
            ],
            [
              5.9198590141646275,
              55.45847158109538
            ],
            [
              5.918870867352096,
              55.45847158109538
            ],
            [
              5.918870867352096,
              55.45910040179427
            ]
          ]
        ]
      },
      "properties": {
        "component_id": 261,
        "pixel_count": 54,
        "centroid_x": 5.919414847163035,
        "centroid_y": 55.45880595400669,
        "bbox_min_x": 5.918870867352096,
        "bbox_min_y": 55.45847158109538,
        "bbox_max_x": 5.9198590141646275,
        "bbox_max_y": 55.45910040179427,
        "area_km2": 0.0031,
        "georeferenced": true
      }
    },
    {
      "type": "Feature",
      "geometry": {
        "type": "Polygon",
        "coordinates": [
          [
            [
              6.072123454822886,
              55.45865124415221
            ],
            [
              6.074009916919537,
              55.45865124415221
            ],
            [
              6.074009916919537,
              55.45802242345332
            ],
            [
              6.072123454822886,
              55.45802242345332
            ],
            [
              6.072123454822886,
              55.45865124415221
            ]
          ]
        ]
      },
      "properties": {
        "component_id": 262,
        "pixel_count": 94,
        "centroid_x": 6.073157473054181,
        "centroid_y": 55.45834352338466,
        "bbox_min_x": 6.072123454822886,
        "bbox_min_y": 55.45802242345332,
        "bbox_max_x": 6.074009916919537,
        "bbox_max_y": 55.45865124415221,
        "area_km2": 0.0053,
        "georeferenced": true
      }
    },
    {
      "type": "Feature",
      "geometry": {
        "type": "Polygon",
        "coordinates": [
          [
            [
              6.052899507742729,
              55.45847158109538
            ],
            [
              6.053797823026848,
              55.45847158109538
            ],
            [
              6.053797823026848,
              55.45775292886808
            ],
            [
              6.052899507742729,
              55.45775292886808
            ],
            [
              6.052899507742729,
              55.45847158109538
            ]
          ]
        ]
      },
      "properties": {
        "component_id": 263,
        "pixel_count": 55,
        "centroid_x": 6.053353565286338,
        "centroid_y": 55.45809428867605,
        "bbox_min_x": 6.052899507742729,
        "bbox_min_y": 55.45775292886808,
        "bbox_max_x": 6.053797823026848,
        "bbox_max_y": 55.45847158109538,
        "area_km2": 0.0031,
        "georeferenced": true
      }
    },
    {
      "type": "Feature",
      "geometry": {
        "type": "Polygon",
        "coordinates": [
          [
            [
              5.91536743774403,
              55.45820208651014
            ],
            [
              5.9165352476133855,
              55.45820208651014
            ],
            [
              5.9165352476133855,
              55.45748343428285
            ],
            [
              5.91536743774403,
              55.45748343428285
            ],
            [
              5.91536743774403,
              55.45820208651014
            ]
          ]
        ]
      },
      "properties": {
        "component_id": 264,
        "pixel_count": 83,
        "centroid_x": 5.915960542293063,
        "centroid_y": 55.45783085501321,
        "bbox_min_x": 5.91536743774403,
        "bbox_min_y": 55.45748343428285,
        "bbox_max_x": 5.9165352476133855,
        "bbox_max_y": 55.45820208651014,
        "area_km2": 0.0047,
        "georeferenced": true
      }
    },
    {
      "type": "Feature",
      "geometry": {
        "type": "Polygon",
        "coordinates": [
          [
            [
              6.049485909663074,
              55.45793259192491
            ],
            [
              6.050563888004017,
              55.45793259192491
            ],
            [
              6.050563888004017,
              55.45730377122602
            ],
            [
              6.049485909663074,
              55.45730377122602
            ],
            [
              6.049485909663074,
              55.45793259192491
            ]
          ]
        ]
      },
      "properties": {
        "component_id": 265,
        "pixel_count": 63,
        "centroid_x": 6.050099045491918,
        "centroid_y": 55.45762459811321,
        "bbox_min_x": 6.049485909663074,
        "bbox_min_y": 55.45730377122602,
        "bbox_max_x": 6.050563888004017,
        "bbox_max_y": 55.45793259192491,
        "area_km2": 0.0036,
        "georeferenced": true
      }
    },
    {
      "type": "Feature",
      "geometry": {
        "type": "Polygon",
        "coordinates": [
          [
            [
              6.004390482400274,
              55.457663097339676
            ],
            [
              6.00555829226963,
              55.457663097339676
            ],
            [
              6.00555829226963,
              55.45703427664079
            ],
            [
              6.004390482400274,
              55.45703427664079
            ],
            [
              6.004390482400274,
              55.457663097339676
            ]
          ]
        ]
      },
      "properties": {
        "component_id": 266,
        "pixel_count": 67,
        "centroid_x": 6.004968353874088,
        "centroid_y": 55.45734801660569,
        "bbox_min_x": 6.004390482400274,
        "bbox_min_y": 55.45703427664079,
        "bbox_max_x": 6.00555829226963,
        "bbox_max_y": 55.457663097339676,
        "area_km2": 0.0038,
        "georeferenced": true
      }
    },
    {
      "type": "Feature",
      "geometry": {
        "type": "Polygon",
        "coordinates": [
          [
            [
              6.032058593151156,
              55.45730377122602
            ],
            [
              6.033226403020511,
              55.45730377122602
            ],
            [
              6.033226403020511,
              55.45658511899873
            ],
            [
              6.032058593151156,
              55.45658511899873
            ],
            [
              6.032058593151156,
              55.45730377122602
            ]
          ]
        ]
      },
      "properties": {
        "component_id": 267,
        "pixel_count": 77,
        "centroid_x": 6.032596415678401,
        "centroid_y": 55.456884946307845,
        "bbox_min_x": 6.032058593151156,
        "bbox_min_y": 55.45658511899873,
        "bbox_max_x": 6.033226403020511,
        "bbox_max_y": 55.45730377122602,
        "area_km2": 0.0044,
        "georeferenced": true
      }
    },
    {
      "type": "Feature",
      "geometry": {
        "type": "Polygon",
        "coordinates": [
          [
            [
              5.933513406483244,
              55.45649528747032
            ],
            [
              5.934232058710539,
              55.45649528747032
            ],
            [
              5.934232058710539,
              55.45577663524302
            ],
            [
              5.933513406483244,
              55.45577663524302
            ],
            [
              5.933513406483244,
              55.45649528747032
            ]
          ]
        ]
      },
      "properties": {
        "component_id": 268,
        "pixel_count": 54,
        "centroid_x": 5.933952582844369,
        "centroid_y": 55.4561159987948,
        "bbox_min_x": 5.933513406483244,
        "bbox_min_y": 55.45577663524302,
        "bbox_max_x": 5.934232058710539,
        "bbox_max_y": 55.45649528747032,
        "area_km2": 0.0031,
        "georeferenced": true
      }
    },
    {
      "type": "Feature",
      "geometry": {
        "type": "Polygon",
        "coordinates": [
          [
            [
              6.079759134737902,
              55.45649528747032
            ],
            [
              6.0810167761356695,
              55.45649528747032
            ],
            [
              6.0810167761356695,
              55.45577663524302
            ],
            [
              6.079759134737902,
              55.45577663524302
            ],
            [
              6.079759134737902,
              55.45649528747032
            ]
          ]
        ]
      },
      "properties": {
        "component_id": 269,
        "pixel_count": 63,
        "centroid_x": 6.0803565856967055,
        "centroid_y": 55.456178738274964,
        "bbox_min_x": 6.079759134737902,
        "bbox_min_y": 55.45577663524302,
        "bbox_max_x": 6.0810167761356695,
        "bbox_max_y": 55.45649528747032,
        "area_km2": 0.0036,
        "georeferenced": true
      }
    },
    {
      "type": "Feature",
      "geometry": {
        "type": "Polygon",
        "coordinates": [
          [
            [
              5.949054260898512,
              55.45514781454414
            ],
            [
              5.950042407711043,
              55.45514781454414
            ],
            [
              5.950042407711043,
              55.45460882537367
            ],
            [
              5.949054260898512,
              55.45460882537367
            ],
            [
              5.949054260898512,
              55.45514781454414
            ]
          ]
        ]
      },
      "properties": {
        "component_id": 270,
        "pixel_count": 57,
        "centroid_x": 5.9494734746977675,
        "centroid_y": 55.454843648140915,
        "bbox_min_x": 5.949054260898512,
        "bbox_min_y": 55.45460882537367,
        "bbox_max_x": 5.950042407711043,
        "bbox_max_y": 55.45514781454414,
        "area_km2": 0.0032,
        "georeferenced": true
      }
    },
    {
      "type": "Feature",
      "geometry": {
        "type": "Polygon",
        "coordinates": [
          [
            [
              5.93009980840359,
              55.4548783199589
            ],
            [
              5.930908292159297,
              55.4548783199589
            ],
            [
              5.930908292159297,
              55.454069836203196
            ],
            [
              5.93009980840359,
              55.454069836203196
            ],
            [
              5.93009980840359,
              55.4548783199589
            ]
          ]
        ]
      },
      "properties": {
        "component_id": 271,
        "pixel_count": 50,
        "centroid_x": 5.930478897453488,
        "centroid_y": 55.45450462080071,
        "bbox_min_x": 5.93009980840359,
        "bbox_min_y": 55.454069836203196,
        "bbox_max_x": 5.930908292159297,
        "bbox_max_y": 55.4548783199589,
        "area_km2": 0.0028,
        "georeferenced": true
      }
    },
    {
      "type": "Feature",
      "geometry": {
        "type": "Polygon",
        "coordinates": [
          [
            [
              5.933064248841184,
              55.4548783199589
            ],
            [
              5.934771047881012,
              55.4548783199589
            ],
            [
              5.934771047881012,
              55.454069836203196
            ],
            [
              5.933064248841184,
              55.454069836203196
            ],
            [
              5.933064248841184,
              55.4548783199589
            ]
          ]
        ]
      },
      "properties": {
        "component_id": 272,
        "pixel_count": 87,
        "centroid_x": 5.933950173569661,
        "centroid_y": 55.45442606467793,
        "bbox_min_x": 5.933064248841184,
        "bbox_min_y": 55.454069836203196,
        "bbox_max_x": 5.934771047881012,
        "bbox_max_y": 55.4548783199589,
        "area_km2": 0.0049,
        "georeferenced": true
      }
    },
    {
      "type": "Feature",
      "geometry": {
        "type": "Polygon",
        "coordinates": [
          [
            [
              6.0654759217204015,
              55.45460882537367
            ],
            [
              6.067721709930701,
              55.45460882537367
            ],
            [
              6.067721709930701,
              55.45344101550431
            ],
            [
              6.0654759217204015,
              55.45344101550431
            ],
            [
              6.0654759217204015,
              55.45460882537367
            ]
          ]
        ]
      },
      "properties": {
        "component_id": 273,
        "pixel_count": 167,
        "centroid_x": 6.066556051714721,
        "centroid_y": 55.45402411356897,
        "bbox_min_x": 6.0654759217204015,
        "bbox_min_y": 55.45344101550431,
        "bbox_max_x": 6.067721709930701,
        "bbox_max_y": 55.45460882537367,
        "area_km2": 0.0095,
        "georeferenced": true
      }
    },
    {
      "type": "Feature",
      "geometry": {
        "type": "Polygon",
        "coordinates": [
          [
            [
              6.063319965038515,
              55.45442916231684
            ],
            [
              6.065206427135166,
              55.45442916231684
            ],
            [
              6.065206427135166,
              55.45371051008955
            ],
            [
              6.063319965038515,
              55.45371051008955
            ],
            [
              6.063319965038515,
              55.45442916231684
            ]
          ]
        ]
      },
      "properties": {
        "component_id": 274,
        "pixel_count": 77,
        "centroid_x": 6.0642346133278,
        "centroid_y": 55.454205166817424,
        "bbox_min_x": 6.063319965038515,
        "bbox_min_y": 55.45371051008955,
        "bbox_max_x": 6.065206427135166,
        "bbox_max_y": 55.45442916231684,
        "area_km2": 0.0044,
        "georeferenced": true
      }
    },
    {
      "type": "Feature",
      "geometry": {
        "type": "Polygon",
        "coordinates": [
          [
            [
              5.930459134517237,
              55.45299185786225
            ],
            [
              5.9320761020286525,
              55.45299185786225
            ],
            [
              5.9320761020286525,
              55.45209354257813
            ],
            [
              5.930459134517237,
              55.45209354257813
            ],
            [
              5.930459134517237,
              55.45299185786225
            ]
          ]
        ]
      },
      "properties": {
        "component_id": 275,
        "pixel_count": 67,
        "centroid_x": 5.9314660520969005,
        "centroid_y": 55.45264057636309,
        "bbox_min_x": 5.930459134517237,
        "bbox_min_y": 55.45209354257813,
        "bbox_max_x": 5.9320761020286525,
        "bbox_max_y": 55.45299185786225,
        "area_km2": 0.0038,
        "georeferenced": true
      }
    },
    {
      "type": "Feature",
      "geometry": {
        "type": "Polygon",
        "coordinates": [
          [
            [
              5.973488436626563,
              55.45272236327702
            ],
            [
              5.974925741081154,
              55.45272236327702
            ],
            [
              5.974925741081154,
              55.45209354257813
            ],
            [
              5.973488436626563,
              55.45209354257813
            ],
            [
              5.973488436626563,
              55.45272236327702
            ]
          ]
        ]
      },
      "properties": {
        "component_id": 276,
        "pixel_count": 85,
        "centroid_x": 5.974250419355799,
        "centroid_y": 55.4524454708012,
        "bbox_min_x": 5.973488436626563,
        "bbox_min_y": 55.45209354257813,
        "bbox_max_x": 5.974925741081154,
        "bbox_max_y": 55.45272236327702,
        "area_km2": 0.0048,
        "georeferenced": true
      }
    },
    {
      "type": "Feature",
      "geometry": {
        "type": "Polygon",
        "coordinates": [
          [
            [
              6.037628147912697,
              55.452363037163366
            ],
            [
              6.039424778480936,
              55.452363037163366
            ],
            [
              6.039424778480936,
              55.451374890350834
            ],
            [
              6.037628147912697,
              55.451374890350834
            ],
            [
              6.037628147912697,
              55.452363037163366
            ]
          ]
        ]
      },
      "properties": {
        "component_id": 277,
        "pixel_count": 133,
        "centroid_x": 6.0384839114202,
        "centroid_y": 55.45192266004664,
        "bbox_min_x": 6.037628147912697,
        "bbox_min_y": 55.451374890350834,
        "bbox_max_x": 6.039424778480936,
        "bbox_max_y": 55.452363037163366,
        "area_km2": 0.0076,
        "georeferenced": true
      }
    },
    {
      "type": "Feature",
      "geometry": {
        "type": "Polygon",
        "coordinates": [
          [
            [
              6.082723575175496,
              55.452183374106546
            ],
            [
              6.083891385044852,
              55.452183374106546
            ],
            [
              6.083891385044852,
              55.45155455340766
            ],
            [
              6.082723575175496,
              55.45155455340766
            ],
            [
              6.082723575175496,
              55.452183374106546
            ]
          ]
        ]
      },
      "properties": {
        "component_id": 278,
        "pixel_count": 51,
        "centroid_x": 6.083283701176183,
        "centroid_y": 55.45182228659038,
        "bbox_min_x": 6.082723575175496,
        "bbox_min_y": 55.45155455340766,
        "bbox_max_x": 6.083891385044852,
        "bbox_max_y": 55.452183374106546,
        "area_km2": 0.0029,
        "georeferenced": true
      }
    },
    {
      "type": "Feature",
      "geometry": {
        "type": "Polygon",
        "coordinates": [
          [
            [
              6.034663707475103,
              55.45209354257813
            ],
            [
              6.0372688217990484,
              55.45209354257813
            ],
            [
              6.0372688217990484,
              55.451644384936074
            ],
            [
              6.034663707475103,
              55.451644384936074
            ],
            [
              6.034663707475103,
              55.45209354257813
            ]
          ]
        ]
      },
      "properties": {
        "component_id": 279,
        "pixel_count": 77,
        "centroid_x": 6.035790684831543,
        "centroid_y": 55.45181704813354,
        "bbox_min_x": 6.034663707475103,
        "bbox_min_y": 55.451644384936074,
        "bbox_max_x": 6.0372688217990484,
        "bbox_max_y": 55.45209354257813,
        "area_km2": 0.0044,
        "georeferenced": true
      }
    },
    {
      "type": "Feature",
      "geometry": {
        "type": "Polygon",
        "coordinates": [
          [
            [
              6.0534384969132,
              55.451374890350834
            ],
            [
              6.054965632896203,
              55.451374890350834
            ],
            [
              6.054965632896203,
              55.450746069651956
            ],
            [
              6.0534384969132,
              55.450746069651956
            ],
            [
              6.0534384969132,
              55.451374890350834
            ]
          ]
        ]
      },
      "properties": {
        "component_id": 280,
        "pixel_count": 55,
        "centroid_x": 6.054233914264775,
        "centroid_y": 55.451056396750104,
        "bbox_min_x": 6.0534384969132,
        "bbox_min_y": 55.450746069651956,
        "bbox_max_x": 6.054965632896203,
        "bbox_max_y": 55.451374890350834,
        "area_km2": 0.0031,
        "georeferenced": true
      }
    },
    {
      "type": "Feature",
      "geometry": {
        "type": "Polygon",
        "coordinates": [
          [
            [
              5.946449146574565,
              55.4511053957656
            ],
            [
              5.948155945614392,
              55.4511053957656
            ],
            [
              5.948155945614392,
              55.4503867435383
            ],
            [
              5.946449146574565,
              55.4503867435383
            ],
            [
              5.946449146574565,
              55.4511053957656
            ]
          ]
        ]
      },
      "properties": {
        "component_id": 281,
        "pixel_count": 61,
        "centroid_x": 5.947365133634766,
        "centroid_y": 55.45067538254763,
        "bbox_min_x": 5.946449146574565,
        "bbox_min_y": 55.4503867435383,
        "bbox_max_x": 5.948155945614392,
        "bbox_max_y": 55.4511053957656,
        "area_km2": 0.0035,
        "georeferenced": true
      }
    },
    {
      "type": "Feature",
      "geometry": {
        "type": "Polygon",
        "coordinates": [
          [
            [
              5.975824056365274,
              55.450746069651956
            ],
            [
              5.977081697763041,
              55.450746069651956
            ],
            [
              5.977081697763041,
              55.45020708048148
            ],
            [
              5.975824056365274,
              55.45020708048148
            ],
            [
              5.975824056365274,
              55.450746069651956
            ]
          ]
        ]
      },
      "properties": {
        "component_id": 282,
        "pixel_count": 57,
        "centroid_x": 5.976560044501561,
        "centroid_y": 55.450512822876426,
        "bbox_min_x": 5.975824056365274,
        "bbox_min_y": 55.45020708048148,
        "bbox_max_x": 5.977081697763041,
        "bbox_max_y": 55.450746069651956,
        "area_km2": 0.0032,
        "georeferenced": true
      }
    },
    {
      "type": "Feature",
      "geometry": {
        "type": "Polygon",
        "coordinates": [
          [
            [
              6.039784104594584,
              55.45065623812354
            ],
            [
              6.041311240577587,
              55.45065623812354
            ],
            [
              6.041311240577587,
              55.45020708048148
            ],
            [
              6.039784104594584,
              55.45020708048148
            ],
            [
              6.039784104594584,
              55.45065623812354
            ]
          ]
        ]
      },
      "properties": {
        "component_id": 283,
        "pixel_count": 73,
        "centroid_x": 6.04058151323035,
        "centroid_y": 55.450460577671244,
        "bbox_min_x": 6.039784104594584,
        "bbox_min_y": 55.45020708048148,
        "bbox_max_x": 6.041311240577587,
        "bbox_max_y": 55.45065623812354,
        "area_km2": 0.0041,
        "georeferenced": true
      }
    },
    {
      "type": "Feature",
      "geometry": {
        "type": "Polygon",
        "coordinates": [
          [
            [
              6.067901372987524,
              55.45056640659513
            ],
            [
              6.068709856743232,
              55.45056640659513
            ],
            [
              6.068709856743232,
              55.44984775436783
            ],
            [
              6.067901372987524,
              55.44984775436783
            ],
            [
              6.067901372987524,
              55.45056640659513
            ]
          ]
        ]
      },
      "properties": {
        "component_id": 284,
        "pixel_count": 50,
        "centroid_x": 6.068336157585039,
        "centroid_y": 55.45019270743693,
        "bbox_min_x": 6.067901372987524,
        "bbox_min_y": 55.44984775436783,
        "bbox_max_x": 6.068709856743232,
        "bbox_max_y": 55.45056640659513,
        "area_km2": 0.0028,
        "georeferenced": true
      }
    },
    {
      "type": "Feature",
      "geometry": {
        "type": "Polygon",
        "coordinates": [
          [
            [
              6.06538609019199,
              55.449937585896244
            ],
            [
              6.066284405476109,
              55.449937585896244
            ],
            [
              6.066284405476109,
              55.44921893366895
            ],
            [
              6.06538609019199,
              55.44921893366895
            ],
            [
              6.06538609019199,
              55.449937585896244
            ]
          ]
        ]
      },
      "properties": {
        "component_id": 285,
        "pixel_count": 68,
        "centroid_x": 6.065845816249157,
        "centroid_y": 55.4495782597826,
        "bbox_min_x": 6.06538609019199,
        "bbox_min_y": 55.44921893366895,
        "bbox_max_x": 6.066284405476109,
        "bbox_max_y": 55.449937585896244,
        "area_km2": 0.0039,
        "georeferenced": true
      }
    },
    {
      "type": "Feature",
      "geometry": {
        "type": "Polygon",
        "coordinates": [
          [
            [
              5.970793490774204,
              55.449488428254185
            ],
            [
              5.972140963700384,
              55.449488428254185
            ],
            [
              5.972140963700384,
              55.44867994449848
            ],
            [
              5.970793490774204,
              55.44867994449848
            ],
            [
              5.970793490774204,
              55.449488428254185
            ]
          ]
        ]
      },
      "properties": {
        "component_id": 286,
        "pixel_count": 74,
        "centroid_x": 5.971462371479001,
        "centroid_y": 55.449067191222305,
        "bbox_min_x": 5.970793490774204,
        "bbox_min_y": 55.44867994449848,
        "bbox_max_x": 5.972140963700384,
        "bbox_max_y": 55.449488428254185,
        "area_km2": 0.0042,
        "georeferenced": true
      }
    },
    {
      "type": "Feature",
      "geometry": {
        "type": "Polygon",
        "coordinates": [
          [
            [
              6.061613165998688,
              55.44939859672577
            ],
            [
              6.0630504704532795,
              55.44939859672577
            ],
            [
              6.0630504704532795,
              55.44876977602689
            ],
            [
              6.061613165998688,
              55.44876977602689
            ],
            [
              6.061613165998688,
              55.44939859672577
            ]
          ]
        ]
      },
      "properties": {
        "component_id": 287,
        "pixel_count": 58,
        "centroid_x": 6.062526969477362,
        "centroid_y": 55.449166273807464,
        "bbox_min_x": 6.061613165998688,
        "bbox_min_y": 55.44876977602689,
        "bbox_max_x": 6.0630504704532795,
        "bbox_max_y": 55.44939859672577,
        "area_km2": 0.0033,
        "georeferenced": true
      }
    },
    {
      "type": "Feature",
      "geometry": {
        "type": "Polygon",
        "coordinates": [
          [
            [
              5.994868340388607,
              55.4488596075553
            ],
            [
              5.996125981786375,
              55.4488596075553
            ],
            [
              5.996125981786375,
              55.44814095532801
            ],
            [
              5.994868340388607,
              55.44814095532801
            ],
            [
              5.994868340388607,
              55.4488596075553
            ]
          ]
        ]
      },
      "properties": {
        "component_id": 288,
        "pixel_count": 68,
        "centroid_x": 5.9954773453091645,
        "centroid_y": 55.44849235513033,
        "bbox_min_x": 5.994868340388607,
        "bbox_min_y": 55.44814095532801,
        "bbox_max_x": 5.996125981786375,
        "bbox_max_y": 55.4488596075553,
        "area_km2": 0.0039,
        "georeferenced": true
      }
    },
    {
      "type": "Feature",
      "geometry": {
        "type": "Polygon",
        "coordinates": [
          [
            [
              6.056313105822382,
              55.4488596075553
            ],
            [
              6.057840241805386,
              55.4488596075553
            ],
            [
              6.057840241805386,
              55.44814095532801
            ],
            [
              6.056313105822382,
              55.44814095532801
            ],
            [
              6.056313105822382,
              55.4488596075553
            ]
          ]
        ]
      },
      "properties": {
        "component_id": 289,
        "pixel_count": 70,
        "centroid_x": 6.056962459442047,
        "centroid_y": 55.44857984650967,
        "bbox_min_x": 6.056313105822382,
        "bbox_min_y": 55.44814095532801,
        "bbox_max_x": 6.057840241805386,
        "bbox_max_y": 55.4488596075553,
        "area_km2": 0.004,
        "georeferenced": true
      }
    },
    {
      "type": "Feature",
      "geometry": {
        "type": "Polygon",
        "coordinates": [
          [
            [
              6.0663742370045215,
              55.44832061838483
            ],
            [
              6.067542046873877,
              55.44832061838483
            ],
            [
              6.067542046873877,
              55.447601966157535
            ],
            [
              6.0663742370045215,
              55.447601966157535
            ],
            [
              6.0663742370045215,
              55.44832061838483
            ]
          ]
        ]
      },
      "properties": {
        "component_id": 290,
        "pixel_count": 83,
        "centroid_x": 6.066925131558277,
        "centroid_y": 55.44797752688475,
        "bbox_min_x": 6.0663742370045215,
        "bbox_min_y": 55.447601966157535,
        "bbox_max_x": 6.067542046873877,
        "bbox_max_y": 55.44832061838483,
        "area_km2": 0.0047,
        "georeferenced": true
      }
    },
    {
      "type": "Feature",
      "geometry": {
        "type": "Polygon",
        "coordinates": [
          [
            [
              5.970973153831028,
              55.448051123799594
            ],
            [
              5.971961300643559,
              55.448051123799594
            ],
            [
              5.971961300643559,
              55.44751213462912
            ],
            [
              5.970973153831028,
              55.44751213462912
            ],
            [
              5.970973153831028,
              55.448051123799594
            ]
          ]
        ]
      },
      "properties": {
        "component_id": 291,
        "pixel_count": 51,
        "centroid_x": 5.971306058906908,
        "centroid_y": 55.447765776591694,
        "bbox_min_x": 5.970973153831028,
        "bbox_min_y": 55.44751213462912,
        "bbox_max_x": 5.971961300643559,
        "bbox_max_y": 55.448051123799594,
        "area_km2": 0.0029,
        "georeferenced": true
      }
    },
    {
      "type": "Feature",
      "geometry": {
        "type": "Polygon",
        "coordinates": [
          [
            [
              6.074908232203657,
              55.448051123799594
            ],
            [
              6.076345536658248,
              55.448051123799594
            ],
            [
              6.076345536658248,
              55.44724264004389
            ],
            [
              6.074908232203657,
              55.44724264004389
            ],
            [
              6.074908232203657,
              55.448051123799594
            ]
          ]
        ]
      },
      "properties": {
        "component_id": 292,
        "pixel_count": 77,
        "centroid_x": 6.075637384219988,
        "centroid_y": 55.44766496489174,
        "bbox_min_x": 6.074908232203657,
        "bbox_min_y": 55.44724264004389,
        "bbox_max_x": 6.076345536658248,
        "bbox_max_y": 55.448051123799594,
        "area_km2": 0.0044,
        "georeferenced": true
      }
    },
    {
      "type": "Feature",
      "geometry": {
        "type": "Polygon",
        "coordinates": [
          [
            [
              5.968817197149141,
              55.44769179768595
            ],
            [
              5.969985007018496,
              55.44769179768595
            ],
            [
              5.969985007018496,
              55.447152808515476
            ],
            [
              5.968817197149141,
              55.447152808515476
            ],
            [
              5.968817197149141,
              55.44769179768595
            ]
          ]
        ]
      },
      "properties": {
        "component_id": 293,
        "pixel_count": 58,
        "centroid_x": 5.969385613889266,
        "centroid_y": 55.447454828309276,
        "bbox_min_x": 5.968817197149141,
        "bbox_min_y": 55.447152808515476,
        "bbox_max_x": 5.969985007018496,
        "bbox_max_y": 55.44769179768595,
        "area_km2": 0.0033,
        "georeferenced": true
      }
    },
    {
      "type": "Feature",
      "geometry": {
        "type": "Polygon",
        "coordinates": [
          [
            [
              5.980046138200636,
              55.44652398781659
            ],
            [
              5.981213948069991,
              55.44652398781659
            ],
            [
              5.981213948069991,
              55.445715504060885
            ],
            [
              5.980046138200636,
              55.445715504060885
            ],
            [
              5.980046138200636,
              55.44652398781659
            ]
          ]
        ]
      },
      "properties": {
        "component_id": 294,
        "pixel_count": 75,
        "centroid_x": 5.980623455489896,
        "centroid_y": 55.44611315829332,
        "bbox_min_x": 5.980046138200636,
        "bbox_min_y": 55.445715504060885,
        "bbox_max_x": 5.981213948069991,
        "bbox_max_y": 55.44652398781659,
        "area_km2": 0.0043,
        "georeferenced": true
      }
    },
    {
      "type": "Feature",
      "geometry": {
        "type": "Polygon",
        "coordinates": [
          [
            [
              5.957857750682883,
              55.44643415628818
            ],
            [
              5.959205223609063,
              55.44643415628818
            ],
            [
              5.959205223609063,
              55.44562567253247
            ],
            [
              5.957857750682883,
              55.44562567253247
            ],
            [
              5.957857750682883,
              55.44643415628818
            ]
          ]
        ]
      },
      "properties": {
        "component_id": 295,
        "pixel_count": 60,
        "centroid_x": 5.95851202364815,
        "centroid_y": 55.446013445296785,
        "bbox_min_x": 5.957857750682883,
        "bbox_min_y": 55.44562567253247,
        "bbox_max_x": 5.959205223609063,
        "bbox_max_y": 55.44643415628818,
        "area_km2": 0.0034,
        "georeferenced": true
      }
    },
    {
      "type": "Feature",
      "geometry": {
        "type": "Polygon",
        "coordinates": [
          [
            [
              6.067452215345464,
              55.44625449323136
            ],
            [
              6.0692488459137035,
              55.44625449323136
            ],
            [
              6.0692488459137035,
              55.44481718877677
            ],
            [
              6.067452215345464,
              55.44481718877677
            ],
            [
              6.067452215345464,
              55.44625449323136
            ]
          ]
        ]
      },
      "properties": {
        "component_id": 296,
        "pixel_count": 127,
        "centroid_x": 6.068296773179511,
        "centroid_y": 55.44549693758624,
        "bbox_min_x": 6.067452215345464,
        "bbox_min_y": 55.44481718877677,
        "bbox_max_x": 6.0692488459137035,
        "bbox_max_y": 55.44625449323136,
        "area_km2": 0.0072,
        "georeferenced": true
      }
    },
    {
      "type": "Feature",
      "geometry": {
        "type": "Polygon",
        "coordinates": [
          [
            [
              5.960642528063653,
              55.445895167117705
            ],
            [
              5.961720506404597,
              55.445895167117705
            ],
            [
              5.961720506404597,
              55.44535617794723
            ],
            [
              5.960642528063653,
              55.44535617794723
            ],
            [
              5.960642528063653,
              55.445895167117705
            ]
          ]
        ]
      },
      "properties": {
        "component_id": 297,
        "pixel_count": 54,
        "centroid_x": 5.961186507874593,
        "centroid_y": 55.445619018345184,
        "bbox_min_x": 5.960642528063653,
        "bbox_min_y": 55.44535617794723,
        "bbox_max_x": 5.961720506404597,
        "bbox_max_y": 55.445895167117705,
        "area_km2": 0.0031,
        "georeferenced": true
      }
    },
    {
      "type": "Feature",
      "geometry": {
        "type": "Polygon",
        "coordinates": [
          [
            [
              6.006636270610573,
              55.445086683362
            ],
            [
              6.0075345858946925,
              55.445086683362
            ],
            [
              6.0075345858946925,
              55.444457862663114
            ],
            [
              6.006636270610573,
              55.444457862663114
            ],
            [
              6.006636270610573,
              55.445086683362
            ]
          ]
        ]
      },
      "properties": {
        "component_id": 298,
        "pixel_count": 53,
        "centroid_x": 6.007109157335609,
        "centroid_y": 55.444766340741815,
        "bbox_min_x": 6.006636270610573,
        "bbox_min_y": 55.444457862663114,
        "bbox_max_x": 6.0075345858946925,
        "bbox_max_y": 55.445086683362,
        "area_km2": 0.003,
        "georeferenced": true
      }
    },
    {
      "type": "Feature",
      "geometry": {
        "type": "Polygon",
        "coordinates": [
          [
            [
              6.079309977095843,
              55.445086683362
            ],
            [
              6.080657450022022,
              55.445086683362
            ],
            [
              6.080657450022022,
              55.444457862663114
            ],
            [
              6.079309977095843,
              55.444457862663114
            ],
            [
              6.079309977095843,
              55.445086683362
            ]
          ]
        ]
      },
      "properties": {
        "component_id": 299,
        "pixel_count": 83,
        "centroid_x": 6.08001239470957,
        "centroid_y": 55.44475874416792,
        "bbox_min_x": 6.079309977095843,
        "bbox_min_y": 55.444457862663114,
        "bbox_max_x": 6.080657450022022,
        "bbox_max_y": 55.445086683362,
        "area_km2": 0.0047,
        "georeferenced": true
      }
    },
    {
      "type": "Feature",
      "geometry": {
        "type": "Polygon",
        "coordinates": [
          [
            [
              5.988939459513419,
              55.44373921043582
            ],
            [
              5.990197100911186,
              55.44373921043582
            ],
            [
              5.990197100911186,
              55.44266123209488
            ],
            [
              5.988939459513419,
              55.44266123209488
            ],
            [
              5.988939459513419,
              55.44373921043582
            ]
          ]
        ]
      },
      "properties": {
        "component_id": 300,
        "pixel_count": 92,
        "centroid_x": 5.989551680908139,
        "centroid_y": 55.44315823479011,
        "bbox_min_x": 5.988939459513419,
        "bbox_min_y": 55.44266123209488,
        "bbox_max_x": 5.990197100911186,
        "bbox_max_y": 55.44373921043582,
        "area_km2": 0.0052,
        "georeferenced": true
      }
    },
    {
      "type": "Feature",
      "geometry": {
        "type": "Polygon",
        "coordinates": [
          [
            [
              5.98211226335411,
              55.44329005279376
            ],
            [
              5.983100410166641,
              55.44329005279376
            ],
            [
              5.983100410166641,
              55.44266123209488
            ],
            [
              5.98211226335411,
              55.44266123209488
            ],
            [
              5.98211226335411,
              55.44329005279376
            ]
          ]
        ]
      },
      "properties": {
        "component_id": 301,
        "pixel_count": 59,
        "centroid_x": 5.982648207388025,
        "centroid_y": 55.443011422798854,
        "bbox_min_x": 5.98211226335411,
        "bbox_min_y": 55.44266123209488,
        "bbox_max_x": 5.983100410166641,
        "bbox_max_y": 55.44329005279376,
        "area_km2": 0.0034,
        "georeferenced": true
      }
    },
    {
      "type": "Feature",
      "geometry": {
        "type": "Polygon",
        "coordinates": [
          [
            [
              5.941418580983496,
              55.443020558208524
            ],
            [
              5.943035548494911,
              55.443020558208524
            ],
            [
              5.943035548494911,
              55.44230190598123
            ],
            [
              5.941418580983496,
              55.44230190598123
            ],
            [
              5.941418580983496,
              55.443020558208524
            ]
          ]
        ]
      },
      "properties": {
        "component_id": 302,
        "pixel_count": 87,
        "centroid_x": 5.942228097285507,
        "centroid_y": 55.442627158066855,
        "bbox_min_x": 5.941418580983496,
        "bbox_min_y": 55.44230190598123,
        "bbox_max_x": 5.943035548494911,
        "bbox_max_y": 55.443020558208524,
        "area_km2": 0.0049,
        "georeferenced": true
      }
    },
    {
      "type": "Feature",
      "geometry": {
        "type": "Polygon",
        "coordinates": [
          [
            [
              5.984178388507585,
              55.44239173750964
            ],
            [
              5.985436029905353,
              55.44239173750964
            ],
            [
              5.985436029905353,
              55.44149342222552
            ],
            [
              5.984178388507585,
              55.44149342222552
            ],
            [
              5.984178388507585,
              55.44239173750964
            ]
          ]
        ]
      },
      "properties": {
        "component_id": 303,
        "pixel_count": 64,
        "centroid_x": 5.98472018491332,
        "centroid_y": 55.44189204963285,
        "bbox_min_x": 5.984178388507585,
        "bbox_min_y": 55.44149342222552,
        "bbox_max_x": 5.985436029905353,
        "bbox_max_y": 55.44239173750964,
        "area_km2": 0.0036,
        "georeferenced": true
      }
    },
    {
      "type": "Feature",
      "geometry": {
        "type": "Polygon",
        "coordinates": [
          [
            [
              6.051821529401785,
              55.44239173750964
            ],
            [
              6.053707991498436,
              55.44239173750964
            ],
            [
              6.053707991498436,
              55.44095443305505
            ],
            [
              6.051821529401785,
              55.44095443305505
            ],
            [
              6.051821529401785,
              55.44239173750964
            ]
          ]
        ]
      },
      "properties": {
        "component_id": 304,
        "pixel_count": 122,
        "centroid_x": 6.0529017167147385,
        "centroid_y": 55.441653204534255,
        "bbox_min_x": 6.051821529401785,
        "bbox_min_y": 55.44095443305505,
        "bbox_max_x": 6.053707991498436,
        "bbox_max_y": 55.44239173750964,
        "area_km2": 0.0069,
        "georeferenced": true
      }
    },
    {
      "type": "Feature",
      "geometry": {
        "type": "Polygon",
        "coordinates": [
          [
            [
              5.973129110512915,
              55.44122392764029
            ],
            [
              5.974835909552742,
              55.44122392764029
            ],
            [
              5.974835909552742,
              55.440415443884575
            ],
            [
              5.973129110512915,
              55.440415443884575
            ],
            [
              5.973129110512915,
              55.44122392764029
            ]
          ]
        ]
      },
      "properties": {
        "component_id": 305,
        "pixel_count": 69,
        "centroid_x": 5.973919367581699,
        "centroid_y": 55.44076305284235,
        "bbox_min_x": 5.973129110512915,
        "bbox_min_y": 55.440415443884575,
        "bbox_max_x": 5.974835909552742,
        "bbox_max_y": 55.44122392764029,
        "area_km2": 0.0039,
        "georeferenced": true
      }
    },
    {
      "type": "Feature",
      "geometry": {
        "type": "Polygon",
        "coordinates": [
          [
            [
              6.042119724333294,
              55.441134096111874
            ],
            [
              6.043197702674238,
              55.441134096111874
            ],
            [
              6.043197702674238,
              55.440684938469815
            ],
            [
              6.042119724333294,
              55.440684938469815
            ],
            [
              6.042119724333294,
              55.441134096111874
            ]
          ]
        ]
      },
      "properties": {
        "component_id": 306,
        "pixel_count": 50,
        "centroid_x": 6.042673086548312,
        "centroid_y": 55.440941856641075,
        "bbox_min_x": 6.042119724333294,
        "bbox_min_y": 55.440684938469815,
        "bbox_max_x": 6.043197702674238,
        "bbox_max_y": 55.441134096111874,
        "area_km2": 0.0028,
        "georeferenced": true
      }
    },
    {
      "type": "Feature",
      "geometry": {
        "type": "Polygon",
        "coordinates": [
          [
            [
              5.961810337933009,
              55.44095443305505
            ],
            [
              5.963606968501248,
              55.44095443305505
            ],
            [
              5.963606968501248,
              55.44014594929934
            ],
            [
              5.961810337933009,
              55.44014594929934
            ],
            [
              5.961810337933009,
              55.44095443305505
            ]
          ]
        ]
      },
      "properties": {
        "component_id": 307,
        "pixel_count": 86,
        "centroid_x": 5.962673138426826,
        "centroid_y": 55.44054496841392,
        "bbox_min_x": 5.961810337933009,
        "bbox_min_y": 55.44014594929934,
        "bbox_max_x": 5.963606968501248,
        "bbox_max_y": 55.44095443305505,
        "area_km2": 0.0049,
        "georeferenced": true
      }
    },
    {
      "type": "Feature",
      "geometry": {
        "type": "Polygon",
        "coordinates": [
          [
            [
              5.954623815660053,
              55.4405951069414
            ],
            [
              5.956150951643056,
              55.4405951069414
            ],
            [
              5.956150951643056,
              55.439966286242516
            ],
            [
              5.954623815660053,
              55.439966286242516
            ],
            [
              5.954623815660053,
              55.4405951069414
            ]
          ]
        ]
      },
      "properties": {
        "component_id": 308,
        "pixel_count": 74,
        "centroid_x": 5.955446866690638,
        "centroid_y": 55.44025156204221,
        "bbox_min_x": 5.954623815660053,
        "bbox_min_y": 55.439966286242516,
        "bbox_max_x": 5.956150951643056,
        "bbox_max_y": 55.4405951069414,
        "area_km2": 0.0042,
        "georeferenced": true
      }
    },
    {
      "type": "Feature",
      "geometry": {
        "type": "Polygon",
        "coordinates": [
          [
            [
              5.9782495076323965,
              55.4405951069414
            ],
            [
              5.979237654444928,
              55.4405951069414
            ],
            [
              5.979237654444928,
              55.439966286242516
            ],
            [
              5.9782495076323965,
              55.439966286242516
            ],
            [
              5.9782495076323965,
              55.4405951069414
            ]
          ]
        ]
      },
      "properties": {
        "component_id": 309,
        "pixel_count": 54,
        "centroid_x": 5.978768534240999,
        "centroid_y": 55.44024576210869,
        "bbox_min_x": 5.9782495076323965,
        "bbox_min_y": 55.439966286242516,
        "bbox_max_x": 5.979237654444928,
        "bbox_max_y": 55.4405951069414,
        "area_km2": 0.0031,
        "georeferenced": true
      }
    },
    {
      "type": "Feature",
      "geometry": {
        "type": "Polygon",
        "coordinates": [
          [
            [
              5.959025560552239,
              55.440415443884575
            ],
            [
              5.96001370736477,
              55.440415443884575
            ],
            [
              5.96001370736477,
              55.439427297072044
            ],
            [
              5.959025560552239,
              55.439427297072044
            ],
            [
              5.959025560552239,
              55.440415443884575
            ]
          ]
        ]
      },
      "properties": {
        "component_id": 310,
        "pixel_count": 68,
        "centroid_x": 5.959503781335843,
        "centroid_y": 55.43994250730853,
        "bbox_min_x": 5.959025560552239,
        "bbox_min_y": 55.439427297072044,
        "bbox_max_x": 5.96001370736477,
        "bbox_max_y": 55.440415443884575,
        "area_km2": 0.0039,
        "georeferenced": true
      }
    },
    {
      "type": "Feature",
      "geometry": {
        "type": "Polygon",
        "coordinates": [
          [
            [
              5.951928869807694,
              55.44032561235617
            ],
            [
              5.953096679677049,
              55.44032561235617
            ],
            [
              5.953096679677049,
              55.4397866231857
            ],
            [
              5.951928869807694,
              55.4397866231857
            ],
            [
              5.951928869807694,
              55.44032561235617
            ]
          ]
        ]
      },
      "properties": {
        "component_id": 311,
        "pixel_count": 58,
        "centroid_x": 5.952512774742372,
        "centroid_y": 55.440057666590384,
        "bbox_min_x": 5.951928869807694,
        "bbox_min_y": 55.4397866231857,
        "bbox_max_x": 5.953096679677049,
        "bbox_max_y": 55.44032561235617,
        "area_km2": 0.0033,
        "georeferenced": true
      }
    },
    {
      "type": "Feature",
      "geometry": {
        "type": "Polygon",
        "coordinates": [
          [
            [
              5.993251372877192,
              55.440235780827756
            ],
            [
              5.99450901427496,
              55.440235780827756
            ],
            [
              5.99450901427496,
              55.439427297072044
            ],
            [
              5.993251372877192,
              55.439427297072044
            ],
            [
              5.993251372877192,
              55.440235780827756
            ]
          ]
        ]
      },
      "properties": {
        "component_id": 312,
        "pixel_count": 52,
        "centroid_x": 5.993776541812523,
        "centroid_y": 55.43987127212593,
        "bbox_min_x": 5.993251372877192,
        "bbox_min_y": 55.439427297072044,
        "bbox_max_x": 5.99450901427496,
        "bbox_max_y": 55.440235780827756,
        "area_km2": 0.003,
        "georeferenced": true
      }
    },
    {
      "type": "Feature",
      "geometry": {
        "type": "Polygon",
        "coordinates": [
          [
            [
              6.0701471611978235,
              55.44014594929934
            ],
            [
              6.07185396023765,
              55.44014594929934
            ],
            [
              6.07185396023765,
              55.43969679165728
            ],
            [
              6.0701471611978235,
              55.43969679165728
            ],
            [
              6.0701471611978235,
              55.44014594929934
            ]
          ]
        ]
      },
      "properties": {
        "component_id": 313,
        "pixel_count": 52,
        "centroid_x": 6.071038566364373,
        "centroid_y": 55.439980106477655,
        "bbox_min_x": 6.0701471611978235,
        "bbox_min_y": 55.43969679165728,
        "bbox_max_x": 6.07185396023765,
        "bbox_max_y": 55.44014594929934,
        "area_km2": 0.003,
        "georeferenced": true
      }
    },
    {
      "type": "Feature",
      "geometry": {
        "type": "Polygon",
        "coordinates": [
          [
            [
              5.975015572609566,
              55.44005611777093
            ],
            [
              5.998012443883026,
              55.44005611777093
            ],
            [
              5.998012443883026,
              55.428288187548965
            ],
            [
              5.975015572609566,
              55.428288187548965
            ],
            [
              5.975015572609566,
              55.44005611777093
            ]
          ]
        ]
      },
      "properties": {
        "component_id": 314,
        "pixel_count": 10693,
        "centroid_x": 5.9869390467152455,
        "centroid_y": 55.434378829022634,
        "bbox_min_x": 5.975015572609566,
        "bbox_min_y": 55.428288187548965,
        "bbox_max_x": 5.998012443883026,
        "bbox_max_y": 55.44005611777093,
        "area_km2": 0.6081,
        "georeferenced": true
      }
    },
    {
      "type": "Feature",
      "geometry": {
        "type": "Polygon",
        "coordinates": [
          [
            [
              5.969176523262789,
              55.4397866231857
            ],
            [
              5.97016467007532,
              55.4397866231857
            ],
            [
              5.97016467007532,
              55.43888830790158
            ],
            [
              5.969176523262789,
              55.43888830790158
            ],
            [
              5.969176523262789,
              55.4397866231857
            ]
          ]
        ]
      },
      "properties": {
        "component_id": 315,
        "pixel_count": 54,
        "centroid_x": 5.969647307013541,
        "centroid_y": 55.43936907293326,
        "bbox_min_x": 5.969176523262789,
        "bbox_min_y": 55.43888830790158,
        "bbox_max_x": 5.97016467007532,
        "bbox_max_y": 55.4397866231857,
        "area_km2": 0.0031,
        "georeferenced": true
      }
    },
    {
      "type": "Feature",
      "geometry": {
        "type": "Polygon",
        "coordinates": [
          [
            [
              6.059457209316801,
              55.43969679165728
            ],
            [
              6.06035552460092,
              55.43969679165728
            ],
            [
              6.06035552460092,
              55.43870864484475
            ],
            [
              6.059457209316801,
              55.43870864484475
            ],
            [
              6.059457209316801,
              55.43969679165728
            ]
          ]
        ]
      },
      "properties": {
        "component_id": 316,
        "pixel_count": 59,
        "centroid_x": 6.059917024936808,
        "centroid_y": 55.43915932505509,
        "bbox_min_x": 6.059457209316801,
        "bbox_min_y": 55.43870864484475,
        "bbox_max_x": 6.06035552460092,
        "bbox_max_y": 55.43969679165728,
        "area_km2": 0.0034,
        "georeferenced": true
      }
    },
    {
      "type": "Feature",
      "geometry": {
        "type": "Polygon",
        "coordinates": [
          [
            [
              5.938004982903841,
              55.43951712860046
            ],
            [
              5.939532118886845,
              55.43951712860046
            ],
            [
              5.939532118886845,
              55.438978139429985
            ],
            [
              5.938004982903841,
              55.438978139429985
            ],
            [
              5.938004982903841,
              55.43951712860046
            ]
          ]
        ]
      },
      "properties": {
        "component_id": 317,
        "pixel_count": 74,
        "centroid_x": 5.93870542603754,
        "centroid_y": 55.439269484927536,
        "bbox_min_x": 5.938004982903841,
        "bbox_min_y": 55.438978139429985,
        "bbox_max_x": 5.939532118886845,
        "bbox_max_y": 55.43951712860046,
        "area_km2": 0.0042,
        "georeferenced": true
      }
    },
    {
      "type": "Feature",
      "geometry": {
        "type": "Polygon",
        "coordinates": [
          [
            [
              5.953456005790698,
              55.43933746554364
            ],
            [
              5.954264489546405,
              55.43933746554364
            ],
            [
              5.954264489546405,
              55.438349318731106
            ],
            [
              5.953456005790698,
              55.438349318731106
            ],
            [
              5.953456005790698,
              55.43933746554364
            ]
          ]
        ]
      },
      "properties": {
        "component_id": 318,
        "pixel_count": 53,
        "centroid_x": 5.953828891380332,
        "centroid_y": 55.4388611889496,
        "bbox_min_x": 5.953456005790698,
        "bbox_min_y": 55.438349318731106,
        "bbox_max_x": 5.954264489546405,
        "bbox_max_y": 55.43933746554364,
        "area_km2": 0.003,
        "georeferenced": true
      }
    },
    {
      "type": "Feature",
      "geometry": {
        "type": "Polygon",
        "coordinates": [
          [
            [
              5.96782905033661,
              55.43933746554364
            ],
            [
              5.968637534092317,
              55.43933746554364
            ],
            [
              5.968637534092317,
              55.438528981787925
            ],
            [
              5.96782905033661,
              55.438528981787925
            ],
            [
              5.96782905033661,
              55.43933746554364
            ]
          ]
        ]
      },
      "properties": {
        "component_id": 319,
        "pixel_count": 66,
        "centroid_x": 5.968294540983836,
        "centroid_y": 55.438955001006,
        "bbox_min_x": 5.96782905033661,
        "bbox_min_y": 55.438528981787925,
        "bbox_max_x": 5.968637534092317,
        "bbox_max_y": 55.43933746554364,
        "area_km2": 0.0038,
        "georeferenced": true
      }
    },
    {
      "type": "Feature",
      "geometry": {
        "type": "Polygon",
        "coordinates": [
          [
            [
              5.975913887893686,
              55.438978139429985
            ],
            [
              5.977441023876689,
              55.438978139429985
            ],
            [
              5.977441023876689,
              55.438349318731106
            ],
            [
              5.975913887893686,
              55.438349318731106
            ],
            [
              5.975913887893686,
              55.438978139429985
            ]
          ]
        ]
      },
      "properties": {
        "component_id": 320,
        "pixel_count": 90,
        "centroid_x": 5.976687437166122,
        "centroid_y": 55.438711639229034,
        "bbox_min_x": 5.975913887893686,
        "bbox_min_y": 55.438349318731106,
        "bbox_max_x": 5.977441023876689,
        "bbox_max_y": 55.438978139429985,
        "area_km2": 0.0051,
        "georeferenced": true
      }
    },
    {
      "type": "Feature",
      "geometry": {
        "type": "Polygon",
        "coordinates": [
          [
            [
              6.078142167226487,
              55.438349318731106
            ],
            [
              6.079309977095843,
              55.438349318731106
            ],
            [
              6.079309977095843,
              55.43763066650381
            ],
            [
              6.078142167226487,
              55.43763066650381
            ],
            [
              6.078142167226487,
              55.438349318731106
            ]
          ]
        ]
      },
      "properties": {
        "component_id": 321,
        "pixel_count": 70,
        "centroid_x": 6.078668323321471,
        "centroid_y": 55.43798357607971,
        "bbox_min_x": 6.078142167226487,
        "bbox_min_y": 55.43763066650381,
        "bbox_max_x": 6.079309977095843,
        "bbox_max_y": 55.438349318731106,
        "area_km2": 0.004,
        "georeferenced": true
      }
    },
    {
      "type": "Feature",
      "geometry": {
        "type": "Polygon",
        "coordinates": [
          [
            [
              5.975464730251626,
              55.43798999261745
            ],
            [
              5.976363045535745,
              55.43798999261745
            ],
            [
              5.976363045535745,
              55.437361171918575
            ],
            [
              5.975464730251626,
              55.437361171918575
            ],
            [
              5.975464730251626,
              55.43798999261745
            ]
          ]
        ]
      },
      "properties": {
        "component_id": 322,
        "pixel_count": 59,
        "centroid_x": 5.9759717454882555,
        "centroid_y": 55.43761239568447,
        "bbox_min_x": 5.975464730251626,
        "bbox_min_y": 55.437361171918575,
        "bbox_max_x": 5.976363045535745,
        "bbox_max_y": 55.43798999261745,
        "area_km2": 0.0034,
        "georeferenced": true
      }
    },
    {
      "type": "Feature",
      "geometry": {
        "type": "Polygon",
        "coordinates": [
          [
            [
              5.903599507522064,
              55.43772049803222
            ],
            [
              5.904677485863007,
              55.43772049803222
            ],
            [
              5.904677485863007,
              55.437091677333335
            ],
            [
              5.903599507522064,
              55.437091677333335
            ],
            [
              5.903599507522064,
              55.43772049803222
            ]
          ]
        ]
      },
      "properties": {
        "component_id": 323,
        "pixel_count": 60,
        "centroid_x": 5.904071123046227,
        "centroid_y": 55.43739860172208,
        "bbox_min_x": 5.903599507522064,
        "bbox_min_y": 55.437091677333335,
        "bbox_max_x": 5.904677485863007,
        "bbox_max_y": 55.43772049803222,
        "area_km2": 0.0034,
        "georeferenced": true
      }
    },
    {
      "type": "Feature",
      "geometry": {
        "type": "Polygon",
        "coordinates": [
          [
            [
              5.925159074340932,
              55.4368221827481
            ],
            [
              5.9264167157387,
              55.4368221827481
            ],
            [
              5.9264167157387,
              55.43637302510604
            ],
            [
              5.925159074340932,
              55.43637302510604
            ],
            [
              5.925159074340932,
              55.4368221827481
            ]
          ]
        ]
      },
      "properties": {
        "component_id": 324,
        "pixel_count": 60,
        "centroid_x": 5.925880720952509,
        "centroid_y": 55.436635033730575,
        "bbox_min_x": 5.925159074340932,
        "bbox_min_y": 55.43637302510604,
        "bbox_max_x": 5.9264167157387,
        "bbox_max_y": 55.4368221827481,
        "area_km2": 0.0034,
        "georeferenced": true
      }
    },
    {
      "type": "Feature",
      "geometry": {
        "type": "Polygon",
        "coordinates": [
          [
            [
              5.947976282557568,
              55.436642519691276
            ],
            [
              5.948874597841688,
              55.436642519691276
            ],
            [
              5.948874597841688,
              55.435923867463984
            ],
            [
              5.947976282557568,
              55.435923867463984
            ],
            [
              5.947976282557568,
              55.436642519691276
            ]
          ]
        ]
      },
      "properties": {
        "component_id": 325,
        "pixel_count": 55,
        "centroid_x": 5.948412373795495,
        "centroid_y": 55.43630605978486,
        "bbox_min_x": 5.947976282557568,
        "bbox_min_y": 55.435923867463984,
        "bbox_max_x": 5.948874597841688,
        "bbox_max_y": 55.436642519691276,
        "area_km2": 0.0031,
        "georeferenced": true
      }
    },
    {
      "type": "Feature",
      "geometry": {
        "type": "Polygon",
        "coordinates": [
          [
            [
              5.968188376450257,
              55.43655268816286
            ],
            [
              5.969266354791201,
              55.43655268816286
            ],
            [
              5.969266354791201,
              55.43583403593557
            ],
            [
              5.968188376450257,
              55.43583403593557
            ],
            [
              5.968188376450257,
              55.43655268816286
            ]
          ]
        ]
      },
      "properties": {
        "component_id": 326,
        "pixel_count": 73,
        "centroid_x": 5.9686879874164935,
        "centroid_y": 55.436220434564625,
        "bbox_min_x": 5.968188376450257,
        "bbox_min_y": 55.43583403593557,
        "bbox_max_x": 5.969266354791201,
        "bbox_max_y": 55.43655268816286,
        "area_km2": 0.0042,
        "georeferenced": true
      }
    },
    {
      "type": "Feature",
      "geometry": {
        "type": "Polygon",
        "coordinates": [
          [
            [
              5.969625680904849,
              55.4361035305208
            ],
            [
              5.970523996188969,
              55.4361035305208
            ],
            [
              5.970523996188969,
              55.43547470982192
            ],
            [
              5.969625680904849,
              55.43547470982192
            ],
            [
              5.969625680904849,
              55.4361035305208
            ]
          ]
        ]
      },
      "properties": {
        "component_id": 327,
        "pixel_count": 53,
        "centroid_x": 5.970122296712862,
        "centroid_y": 55.43582047645958,
        "bbox_min_x": 5.969625680904849,
        "bbox_min_y": 55.43547470982192,
        "bbox_max_x": 5.970523996188969,
        "bbox_max_y": 55.4361035305208,
        "area_km2": 0.003,
        "georeferenced": true
      }
    },
    {
      "type": "Feature",
      "geometry": {
        "type": "Polygon",
        "coordinates": [
          [
            [
              6.021727967383781,
              55.43547470982192
            ],
            [
              6.022536451139489,
              55.43547470982192
            ],
            [
              6.022536451139489,
              55.43484588912304
            ],
            [
              6.021727967383781,
              55.43484588912304
            ],
            [
              6.021727967383781,
              55.43547470982192
            ]
          ]
        ]
      },
      "properties": {
        "component_id": 328,
        "pixel_count": 54,
        "centroid_x": 6.022127218621168,
        "centroid_y": 55.435161963019304,
        "bbox_min_x": 6.021727967383781,
        "bbox_min_y": 55.43484588912304,
        "bbox_max_x": 6.022536451139489,
        "bbox_max_y": 55.43547470982192,
        "area_km2": 0.0031,
        "georeferenced": true
      }
    },
    {
      "type": "Feature",
      "geometry": {
        "type": "Polygon",
        "coordinates": [
          [
            [
              6.066913226174993,
              55.4345763945378
            ],
            [
              6.068260699101172,
              55.4345763945378
            ],
            [
              6.068260699101172,
              55.43385774231051
            ],
            [
              6.066913226174993,
              55.43385774231051
            ],
            [
              6.066913226174993,
              55.4345763945378
            ]
          ]
        ]
      },
      "properties": {
        "component_id": 329,
        "pixel_count": 92,
        "centroid_x": 6.0675147068434905,
        "centroid_y": 55.43420144554965,
        "bbox_min_x": 6.066913226174993,
        "bbox_min_y": 55.43385774231051,
        "bbox_max_x": 6.068260699101172,
        "bbox_max_y": 55.4345763945378,
        "area_km2": 0.0052,
        "georeferenced": true
      }
    },
    {
      "type": "Feature",
      "geometry": {
        "type": "Polygon",
        "coordinates": [
          [
            [
              6.002414188775211,
              55.43430689995257
            ],
            [
              6.003851493229803,
              55.43430689995257
            ],
            [
              6.003851493229803,
              55.43340858466845
            ],
            [
              6.002414188775211,
              55.43340858466845
            ],
            [
              6.002414188775211,
              55.43430689995257
            ]
          ]
        ]
      },
      "properties": {
        "component_id": 330,
        "pixel_count": 108,
        "centroid_x": 6.0031885698210585,
        "centroid_y": 55.433851919896625,
        "bbox_min_x": 6.002414188775211,
        "bbox_min_y": 55.43340858466845,
        "bbox_max_x": 6.003851493229803,
        "bbox_max_y": 55.43430689995257,
        "area_km2": 0.0061,
        "georeferenced": true
      }
    },
    {
      "type": "Feature",
      "geometry": {
        "type": "Polygon",
        "coordinates": [
          [
            [
              6.0404129252934675,
              55.43412723689574
            ],
            [
              6.041221409049175,
              55.43412723689574
            ],
            [
              6.041221409049175,
              55.43313909008321
            ],
            [
              6.0404129252934675,
              55.43313909008321
            ],
            [
              6.0404129252934675,
              55.43412723689574
            ]
          ]
        ]
      },
      "properties": {
        "component_id": 331,
        "pixel_count": 82,
        "centroid_x": 6.040773346913559,
        "centroid_y": 55.433644118553914,
        "bbox_min_x": 6.0404129252934675,
        "bbox_min_y": 55.43313909008321,
        "bbox_max_x": 6.041221409049175,
        "bbox_max_y": 55.43412723689574,
        "area_km2": 0.0047,
        "georeferenced": true
      }
    },
    {
      "type": "Feature",
      "geometry": {
        "type": "Polygon",
        "coordinates": [
          [
            [
              6.022356788082665,
              55.43358824772527
            ],
            [
              6.023794092537256,
              55.43358824772527
            ],
            [
              6.023794092537256,
              55.432869595497976
            ],
            [
              6.022356788082665,
              55.432869595497976
            ],
            [
              6.022356788082665,
              55.43358824772527
            ]
          ]
        ]
      },
      "properties": {
        "component_id": 332,
        "pixel_count": 62,
        "centroid_x": 6.023082684788058,
        "centroid_y": 55.43325645062839,
        "bbox_min_x": 6.022356788082665,
        "bbox_min_y": 55.432869595497976,
        "bbox_max_x": 6.023794092537256,
        "bbox_max_y": 55.43358824772527,
        "area_km2": 0.0035,
        "georeferenced": true
      }
    },
    {
      "type": "Feature",
      "geometry": {
        "type": "Polygon",
        "coordinates": [
          [
            [
              6.033316234548923,
              55.433049258554796
            ],
            [
              6.03412471830463,
              55.433049258554796
            ],
            [
              6.03412471830463,
              55.43215094327068
            ],
            [
              6.033316234548923,
              55.43215094327068
            ],
            [
              6.033316234548923,
              55.433049258554796
            ]
          ]
        ]
      },
      "properties": {
        "component_id": 333,
        "pixel_count": 53,
        "centroid_x": 6.033748442845999,
        "centroid_y": 55.43246281121837,
        "bbox_min_x": 6.033316234548923,
        "bbox_min_y": 55.43215094327068,
        "bbox_max_x": 6.03412471830463,
        "bbox_max_y": 55.433049258554796,
        "area_km2": 0.003,
        "georeferenced": true
      }
    },
    {
      "type": "Feature",
      "geometry": {
        "type": "Polygon",
        "coordinates": [
          [
            [
              5.995497161087491,
              55.432330606327504
            ],
            [
              5.996485307900023,
              55.432330606327504
            ],
            [
              5.996485307900023,
              55.43125262798656
            ],
            [
              5.995497161087491,
              55.43125262798656
            ],
            [
              5.995497161087491,
              55.432330606327504
            ]
          ]
        ]
      },
      "properties": {
        "component_id": 334,
        "pixel_count": 97,
        "centroid_x": 5.995986140953486,
        "centroid_y": 55.431824030595116,
        "bbox_min_x": 5.995497161087491,
        "bbox_min_y": 55.43125262798656,
        "bbox_max_x": 5.996485307900023,
        "bbox_max_y": 55.432330606327504,
        "area_km2": 0.0055,
        "georeferenced": true
      }
    },
    {
      "type": "Feature",
      "geometry": {
        "type": "Polygon",
        "coordinates": [
          [
            [
              6.077154020413955,
              55.431432291043386
            ],
            [
              6.078681156396959,
              55.431432291043386
            ],
            [
              6.078681156396959,
              55.4308034703445
            ],
            [
              6.077154020413955,
              55.4308034703445
            ],
            [
              6.077154020413955,
              55.431432291043386
            ]
          ]
        ]
      },
      "properties": {
        "component_id": 335,
        "pixel_count": 90,
        "centroid_x": 6.077996440524841,
        "centroid_y": 55.4311248675906,
        "bbox_min_x": 6.077154020413955,
        "bbox_min_y": 55.4308034703445,
        "bbox_max_x": 6.078681156396959,
        "bbox_max_y": 55.431432291043386,
        "area_km2": 0.0051,
        "georeferenced": true
      }
    },
    {
      "type": "Feature",
      "geometry": {
        "type": "Polygon",
        "coordinates": [
          [
            [
              5.97519523566639,
              55.42945599741832
            ],
            [
              5.976003719422097,
              55.42945599741832
            ],
            [
              5.976003719422097,
              55.428288187548965
            ],
            [
              5.97519523566639,
              55.428288187548965
            ],
            [
              5.97519523566639,
              55.42945599741832
            ]
          ]
        ]
      },
      "properties": {
        "component_id": 336,
        "pixel_count": 72,
        "centroid_x": 5.975618192445996,
        "centroid_y": 55.42889080738539,
        "bbox_min_x": 5.97519523566639,
        "bbox_min_y": 55.428288187548965,
        "bbox_max_x": 5.976003719422097,
        "bbox_max_y": 55.42945599741832,
        "area_km2": 0.0041,
        "georeferenced": true
      }
    },
    {
      "type": "Feature",
      "geometry": {
        "type": "Polygon",
        "coordinates": [
          [
            [
              5.995317498030667,
              55.42918650283308
            ],
            [
              5.996305644843199,
              55.42918650283308
            ],
            [
              5.996305644843199,
              55.4285576821342
            ],
            [
              5.995317498030667,
              55.4285576821342
            ],
            [
              5.995317498030667,
              55.42918650283308
            ]
          ]
        ]
      },
      "properties": {
        "component_id": 337,
        "pixel_count": 54,
        "centroid_x": 5.995783291140952,
        "centroid_y": 55.428833830906726,
        "bbox_min_x": 5.995317498030667,
        "bbox_min_y": 55.4285576821342,
        "bbox_max_x": 5.996305644843199,
        "bbox_max_y": 55.42918650283308,
        "area_km2": 0.0031,
        "georeferenced": true
      }
    },
    {
      "type": "Feature",
      "geometry": {
        "type": "Polygon",
        "coordinates": [
          [
            [
              5.982651252524582,
              55.428288187548965
            ],
            [
              5.984358051564409,
              55.428288187548965
            ],
            [
              5.984358051564409,
              55.42765936685008
            ],
            [
              5.982651252524582,
              55.42765936685008
            ],
            [
              5.982651252524582,
              55.428288187548965
            ]
          ]
        ]
      },
      "properties": {
        "component_id": 338,
        "pixel_count": 55,
        "centroid_x": 5.983484235788038,
        "centroid_y": 55.427946827740996,
        "bbox_min_x": 5.982651252524582,
        "bbox_min_y": 55.42765936685008,
        "bbox_max_x": 5.984358051564409,
        "bbox_max_y": 55.428288187548965,
        "area_km2": 0.0031,
        "georeferenced": true
      }
    },
    {
      "type": "Feature",
      "geometry": {
        "type": "Polygon",
        "coordinates": [
          [
            [
              5.952557690506578,
              55.42774919837849
            ],
            [
              5.953276342733874,
              55.42774919837849
            ],
            [
              5.953276342733874,
              55.427030546151194
            ],
            [
              5.952557690506578,
              55.427030546151194
            ],
            [
              5.952557690506578,
              55.42774919837849
            ]
          ]
        ]
      },
      "properties": {
        "component_id": 339,
        "pixel_count": 55,
        "centroid_x": 5.952934982925908,
        "centroid_y": 55.42737190595916,
        "bbox_min_x": 5.952557690506578,
        "bbox_min_y": 55.427030546151194,
        "bbox_max_x": 5.953276342733874,
        "bbox_max_y": 55.42774919837849,
        "area_km2": 0.0031,
        "georeferenced": true
      }
    },
    {
      "type": "Feature",
      "geometry": {
        "type": "Polygon",
        "coordinates": [
          [
            [
              6.05846906250427,
              55.42712037767961
            ],
            [
              6.059547040845213,
              55.42712037767961
            ],
            [
              6.059547040845213,
              55.4263118939239
            ],
            [
              6.05846906250427,
              55.4263118939239
            ],
            [
              6.05846906250427,
              55.42712037767961
            ]
          ]
        ]
      },
      "properties": {
        "component_id": 340,
        "pixel_count": 70,
        "centroid_x": 6.059041417671009,
        "centroid_y": 55.42672126903195,
        "bbox_min_x": 6.05846906250427,
        "bbox_min_y": 55.4263118939239,
        "bbox_max_x": 6.059547040845213,
        "bbox_max_y": 55.42712037767961,
        "area_km2": 0.004,
        "georeferenced": true
      }
    },
    {
      "type": "Feature",
      "geometry": {
        "type": "Polygon",
        "coordinates": [
          [
            [
              5.9853461983769405,
              55.426401725452315
            ],
            [
              5.986514008246296,
              55.426401725452315
            ],
            [
              5.986514008246296,
              55.42586273628184
            ],
            [
              5.9853461983769405,
              55.42586273628184
            ],
            [
              5.9853461983769405,
              55.426401725452315
            ]
          ]
        ]
      },
      "properties": {
        "component_id": 341,
        "pixel_count": 67,
        "centroid_x": 5.985917366005351,
        "centroid_y": 55.426109437792704,
        "bbox_min_x": 5.9853461983769405,
        "bbox_min_y": 55.42586273628184,
        "bbox_max_x": 5.986514008246296,
        "bbox_max_y": 55.426401725452315,
        "area_km2": 0.0038,
        "georeferenced": true
      }
    },
    {
      "type": "Feature",
      "geometry": {
        "type": "Polygon",
        "coordinates": [
          [
            [
              6.000797221263796,
              55.4263118939239
            ],
            [
              6.002234525718388,
              55.4263118939239
            ],
            [
              6.002234525718388,
              55.425413578639784
            ],
            [
              6.000797221263796,
              55.425413578639784
            ],
            [
              6.000797221263796,
              55.4263118939239
            ]
          ]
        ]
      },
      "properties": {
        "component_id": 342,
        "pixel_count": 82,
        "centroid_x": 6.001449047598005,
        "centroid_y": 55.42573784854722,
        "bbox_min_x": 6.000797221263796,
        "bbox_min_y": 55.425413578639784,
        "bbox_max_x": 6.002234525718388,
        "bbox_max_y": 55.4263118939239,
        "area_km2": 0.0047,
        "georeferenced": true
      }
    },
    {
      "type": "Feature",
      "geometry": {
        "type": "Polygon",
        "coordinates": [
          [
            [
              5.973757931211798,
              55.42622206239549
            ],
            [
              5.974925741081154,
              55.42622206239549
            ],
            [
              5.974925741081154,
              55.425413578639784
            ],
            [
              5.973757931211798,
              55.425413578639784
            ],
            [
              5.973757931211798,
              55.42622206239549
            ]
          ]
        ]
      },
      "properties": {
        "component_id": 343,
        "pixel_count": 71,
        "centroid_x": 5.974337407831696,
        "centroid_y": 55.42581086173727,
        "bbox_min_x": 5.973757931211798,
        "bbox_min_y": 55.425413578639784,
        "bbox_max_x": 5.974925741081154,
        "bbox_max_y": 55.42622206239549,
        "area_km2": 0.004,
        "georeferenced": true
      }
    },
    {
      "type": "Feature",
      "geometry": {
        "type": "Polygon",
        "coordinates": [
          [
            [
              6.0391552838957,
              55.42568307322502
            ],
            [
              6.040053599179819,
              55.42568307322502
            ],
            [
              6.040053599179819,
              55.424964420997725
            ],
            [
              6.0391552838957,
              55.424964420997725
            ],
            [
              6.0391552838957,
              55.42568307322502
            ]
          ]
        ]
      },
      "properties": {
        "component_id": 344,
        "pixel_count": 51,
        "centroid_x": 6.039539269644598,
        "centroid_y": 55.425376589186904,
        "bbox_min_x": 6.0391552838957,
        "bbox_min_y": 55.424964420997725,
        "bbox_max_x": 6.040053599179819,
        "bbox_max_y": 55.42568307322502,
        "area_km2": 0.0029,
        "georeferenced": true
      }
    },
    {
      "type": "Feature",
      "geometry": {
        "type": "Polygon",
        "coordinates": [
          [
            [
              5.938094814432254,
              55.424964420997725
            ],
            [
              5.939532118886845,
              55.424964420997725
            ],
            [
              5.939532118886845,
              55.42433560029884
            ],
            [
              5.938094814432254,
              55.42433560029884
            ],
            [
              5.938094814432254,
              55.424964420997725
            ]
          ]
        ]
      },
      "properties": {
        "component_id": 345,
        "pixel_count": 74,
        "centroid_x": 5.9388450290884505,
        "centroid_y": 55.424629373675536,
        "bbox_min_x": 5.938094814432254,
        "bbox_min_y": 55.42433560029884,
        "bbox_max_x": 5.939532118886845,
        "bbox_max_y": 55.424964420997725,
        "area_km2": 0.0042,
        "georeferenced": true
      }
    },
    {
      "type": "Feature",
      "geometry": {
        "type": "Polygon",
        "coordinates": [
          [
            [
              5.933693069540068,
              55.42460509488407
            ],
            [
              5.934860879409423,
              55.42460509488407
            ],
            [
              5.934860879409423,
              55.4240661057136
            ],
            [
              5.933693069540068,
              55.4240661057136
            ],
            [
              5.933693069540068,
              55.42460509488407
            ]
          ]
        ]
      },
      "properties": {
        "component_id": 346,
        "pixel_count": 51,
        "centroid_x": 5.9343183674339155,
        "centroid_y": 55.42430389505352,
        "bbox_min_x": 5.933693069540068,
        "bbox_min_y": 55.4240661057136,
        "bbox_max_x": 5.934860879409423,
        "bbox_max_y": 55.42460509488407,
        "area_km2": 0.0029,
        "georeferenced": true
      }
    },
    {
      "type": "Feature",
      "geometry": {
        "type": "Polygon",
        "coordinates": [
          [
            [
              6.052270687043845,
              55.424515263355666
            ],
            [
              6.053707991498436,
              55.424515263355666
            ],
            [
              6.053707991498436,
              55.42334745348631
            ],
            [
              6.052270687043845,
              55.42334745348631
            ],
            [
              6.052270687043845,
              55.424515263355666
            ]
          ]
        ]
      },
      "properties": {
        "component_id": 347,
        "pixel_count": 79,
        "centroid_x": 6.053057565748415,
        "centroid_y": 55.423960354673824,
        "bbox_min_x": 6.052270687043845,
        "bbox_min_y": 55.42334745348631,
        "bbox_max_x": 6.053707991498436,
        "bbox_max_y": 55.424515263355666,
        "area_km2": 0.0045,
        "georeferenced": true
      }
    },
    {
      "type": "Feature",
      "geometry": {
        "type": "Polygon",
        "coordinates": [
          [
            [
              5.938184645960666,
              55.42379661112837
            ],
            [
              5.939262624301609,
              55.42379661112837
            ],
            [
              5.939262624301609,
              55.42307795890107
            ],
            [
              5.938184645960666,
              55.42307795890107
            ],
            [
              5.938184645960666,
              55.42379661112837
            ]
          ]
        ]
      },
      "properties": {
        "component_id": 348,
        "pixel_count": 80,
        "centroid_x": 5.938649524120198,
        "centroid_y": 55.4233452076981,
        "bbox_min_x": 5.938184645960666,
        "bbox_min_y": 55.42307795890107,
        "bbox_max_x": 5.939262624301609,
        "bbox_max_y": 55.42379661112837,
        "area_km2": 0.0046,
        "georeferenced": true
      }
    },
    {
      "type": "Feature",
      "geometry": {
        "type": "Polygon",
        "coordinates": [
          [
            [
              5.954983141773701,
              55.423706779599954
            ],
            [
              5.956150951643056,
              55.423706779599954
            ],
            [
              5.956150951643056,
              55.42307795890107
            ],
            [
              5.954983141773701,
              55.42307795890107
            ],
            [
              5.954983141773701,
              55.423706779599954
            ]
          ]
        ]
      },
      "properties": {
        "component_id": 349,
        "pixel_count": 66,
        "centroid_x": 5.95557112995967,
        "centroid_y": 55.423395091418044,
        "bbox_min_x": 5.954983141773701,
        "bbox_min_y": 55.42307795890107,
        "bbox_max_x": 5.956150951643056,
        "bbox_max_y": 55.423706779599954,
        "area_km2": 0.0038,
        "georeferenced": true
      }
    },
    {
      "type": "Feature",
      "geometry": {
        "type": "Polygon",
        "coordinates": [
          [
            [
              5.915008111630382,
              55.42334745348631
            ],
            [
              5.916445416084973,
              55.42334745348631
            ],
            [
              5.916445416084973,
              55.4225389697306
            ],
            [
              5.915008111630382,
              55.4225389697306
            ],
            [
              5.915008111630382,
              55.42334745348631
            ]
          ]
        ]
      },
      "properties": {
        "component_id": 350,
        "pixel_count": 82,
        "centroid_x": 5.915744291960782,
        "centroid_y": 55.422935543063346,
        "bbox_min_x": 5.915008111630382,
        "bbox_min_y": 55.4225389697306,
        "bbox_max_x": 5.916445416084973,
        "bbox_max_y": 55.42334745348631,
        "area_km2": 0.0047,
        "georeferenced": true
      }
    },
    {
      "type": "Feature",
      "geometry": {
        "type": "Polygon",
        "coordinates": [
          [
            [
              5.982741084052994,
              55.42334745348631
            ],
            [
              5.984178388507585,
              55.42334745348631
            ],
            [
              5.984178388507585,
              55.42289829584425
            ],
            [
              5.982741084052994,
              55.42289829584425
            ],
            [
              5.982741084052994,
              55.42334745348631
            ]
          ]
        ]
      },
      "properties": {
        "component_id": 351,
        "pixel_count": 64,
        "centroid_x": 5.983454121809764,
        "centroid_y": 55.423157965106064,
        "bbox_min_x": 5.982741084052994,
        "bbox_min_y": 55.42289829584425,
        "bbox_max_x": 5.984178388507585,
        "bbox_max_y": 55.42334745348631,
        "area_km2": 0.0036,
        "georeferenced": true
      }
    },
    {
      "type": "Feature",
      "geometry": {
        "type": "Polygon",
        "coordinates": [
          [
            [
              6.0290941527135615,
              55.422359306673776
            ],
            [
              6.030980614810212,
              55.422359306673776
            ],
            [
              6.030980614810212,
              55.42199998056013
            ],
            [
              6.0290941527135615,
              55.42199998056013
            ],
            [
              6.0290941527135615,
              55.422359306673776
            ]
          ]
        ]
      },
      "properties": {
        "component_id": 352,
        "pixel_count": 50,
        "centroid_x": 6.030069723112115,
        "centroid_y": 55.4221598806807,
        "bbox_min_x": 6.0290941527135615,
        "bbox_min_y": 55.42199998056013,
        "bbox_max_x": 6.030980614810212,
        "bbox_max_y": 55.422359306673776,
        "area_km2": 0.0028,
        "georeferenced": true
      }
    },
    {
      "type": "Feature",
      "geometry": {
        "type": "Polygon",
        "coordinates": [
          [
            [
              6.083172732817556,
              55.42155082291807
            ],
            [
              6.084071048101676,
              55.42155082291807
            ],
            [
              6.084071048101676,
              55.420652507633946
            ],
            [
              6.083172732817556,
              55.420652507633946
            ],
            [
              6.083172732817556,
              55.42155082291807
            ]
          ]
        ]
      },
      "properties": {
        "component_id": 353,
        "pixel_count": 64,
        "centroid_x": 6.083640137488825,
        "centroid_y": 55.421067978452854,
        "bbox_min_x": 6.083172732817556,
        "bbox_min_y": 55.420652507633946,
        "bbox_max_x": 6.084071048101676,
        "bbox_max_y": 55.42155082291807,
        "area_km2": 0.0036,
        "georeferenced": true
      }
    },
    {
      "type": "Feature",
      "geometry": {
        "type": "Polygon",
        "coordinates": [
          [
            [
              5.9740274257970345,
              55.421371159861245
            ],
            [
              5.97564439330845,
              55.421371159861245
            ],
            [
              5.97564439330845,
              55.42056267610554
            ],
            [
              5.9740274257970345,
              55.42056267610554
            ],
            [
              5.9740274257970345,
              55.421371159861245
            ]
          ]
        ]
      },
      "properties": {
        "component_id": 354,
        "pixel_count": 105,
        "centroid_x": 5.974893230623253,
        "centroid_y": 55.42099215636518,
        "bbox_min_x": 5.9740274257970345,
        "bbox_min_y": 55.42056267610554,
        "bbox_max_x": 5.97564439330845,
        "bbox_max_y": 55.421371159861245,
        "area_km2": 0.006,
        "georeferenced": true
      }
    },
    {
      "type": "Feature",
      "geometry": {
        "type": "Polygon",
        "coordinates": [
          [
            [
              5.945910157404094,
              55.420113518463474
            ],
            [
              5.9476169564439205,
              55.420113518463474
            ],
            [
              5.9476169564439205,
              55.41885587706571
            ],
            [
              5.945910157404094,
              55.41885587706571
            ],
            [
              5.945910157404094,
              55.420113518463474
            ]
          ]
        ]
      },
      "properties": {
        "component_id": 355,
        "pixel_count": 102,
        "centroid_x": 5.946765318326525,
        "centroid_y": 55.419475010050746,
        "bbox_min_x": 5.945910157404094,
        "bbox_min_y": 55.41885587706571,
        "bbox_max_x": 5.9476169564439205,
        "bbox_max_y": 55.420113518463474,
        "area_km2": 0.0058,
        "georeferenced": true
      }
    },
    {
      "type": "Feature",
      "geometry": {
        "type": "Polygon",
        "coordinates": [
          [
            [
              6.038167137083168,
              55.41975419234983
            ],
            [
              6.039784104594584,
              55.41975419234983
            ],
            [
              6.039784104594584,
              55.41894570859412
            ],
            [
              6.038167137083168,
              55.41894570859412
            ],
            [
              6.038167137083168,
              55.41975419234983
            ]
          ]
        ]
      },
      "properties": {
        "component_id": 356,
        "pixel_count": 106,
        "centroid_x": 6.038950196821401,
        "centroid_y": 55.41931774671651,
        "bbox_min_x": 6.038167137083168,
        "bbox_min_y": 55.41894570859412,
        "bbox_max_x": 6.039784104594584,
        "bbox_max_y": 55.41975419234983,
        "area_km2": 0.006,
        "georeferenced": true
      }
    },
    {
      "type": "Feature",
      "geometry": {
        "type": "Polygon",
        "coordinates": [
          [
            [
              5.91258266036326,
              55.419215203179355
            ],
            [
              5.9141097963462625,
              55.419215203179355
            ],
            [
              5.9141097963462625,
              55.41867621400888
            ],
            [
              5.91258266036326,
              55.41867621400888
            ],
            [
              5.91258266036326,
              55.419215203179355
            ]
          ]
        ]
      },
      "properties": {
        "component_id": 357,
        "pixel_count": 71,
        "centroid_x": 5.913264620839513,
        "centroid_y": 55.41898113511237,
        "bbox_min_x": 5.91258266036326,
        "bbox_min_y": 55.41867621400888,
        "bbox_max_x": 5.9141097963462625,
        "bbox_max_y": 55.419215203179355,
        "area_km2": 0.004,
        "georeferenced": true
      }
    },
    {
      "type": "Feature",
      "geometry": {
        "type": "Polygon",
        "coordinates": [
          [
            [
              6.033765392190983,
              55.41912537165094
            ],
            [
              6.034663707475103,
              55.41912537165094
            ],
            [
              6.034663707475103,
              55.41831688789524
            ],
            [
              6.033765392190983,
              55.41831688789524
            ],
            [
              6.033765392190983,
              55.41912537165094
            ]
          ]
        ]
      },
      "properties": {
        "component_id": 358,
        "pixel_count": 54,
        "centroid_x": 6.034252811409958,
        "centroid_y": 55.418729447507204,
        "bbox_min_x": 6.033765392190983,
        "bbox_min_y": 55.41831688789524,
        "bbox_max_x": 6.034663707475103,
        "bbox_max_y": 55.41912537165094,
        "area_km2": 0.0031,
        "georeferenced": true
      }
    },
    {
      "type": "Feature",
      "geometry": {
        "type": "Polygon",
        "coordinates": [
          [
            [
              5.9673798926945505,
              55.41858638248048
            ],
            [
              5.96872736562073,
              55.41858638248048
            ],
            [
              5.96872736562073,
              55.41786773025318
            ],
            [
              5.9673798926945505,
              55.41786773025318
            ],
            [
              5.9673798926945505,
              55.41858638248048
            ]
          ]
        ]
      },
      "properties": {
        "component_id": 359,
        "pixel_count": 75,
        "centroid_x": 5.968085369631012,
        "centroid_y": 55.41829772383584,
        "bbox_min_x": 5.9673798926945505,
        "bbox_min_y": 55.41786773025318,
        "bbox_max_x": 5.96872736562073,
        "bbox_max_y": 55.41858638248048,
        "area_km2": 0.0043,
        "georeferenced": true
      }
    },
    {
      "type": "Feature",
      "geometry": {
        "type": "Polygon",
        "coordinates": [
          [
            [
              5.96782905033661,
              55.41723890955429
            ],
            [
              5.982471589467758,
              55.41723890955429
            ],
            [
              5.982471589467758,
              55.40771676754263
            ],
            [
              5.96782905033661,
              55.40771676754263
            ],
            [
              5.96782905033661,
              55.41723890955429
            ]
          ]
        ]
      },
      "properties": {
        "component_id": 360,
        "pixel_count": 3932,
        "centroid_x": 5.975614259080073,
        "centroid_y": 55.412632622018705,
        "bbox_min_x": 5.96782905033661,
        "bbox_min_y": 55.40771676754263,
        "bbox_max_x": 5.982471589467758,
        "bbox_max_y": 55.41723890955429,
        "area_km2": 0.2237,
        "georeferenced": true
      }
    },
    {
      "type": "Feature",
      "geometry": {
        "type": "Polygon",
        "coordinates": [
          [
            [
              6.0037616617013905,
              55.41705924649747
            ],
            [
              6.004570145457098,
              55.41705924649747
            ],
            [
              6.004570145457098,
              55.41643042579859
            ],
            [
              6.0037616617013905,
              55.41643042579859
            ],
            [
              6.0037616617013905,
              55.41705924649747
            ]
          ]
        ]
      },
      "properties": {
        "component_id": 361,
        "pixel_count": 56,
        "centroid_x": 6.004129008487218,
        "centroid_y": 55.41672398240036,
        "bbox_min_x": 6.0037616617013905,
        "bbox_min_y": 55.41643042579859,
        "bbox_max_x": 6.004570145457098,
        "bbox_max_y": 55.41705924649747,
        "area_km2": 0.0032,
        "georeferenced": true
      }
    },
    {
      "type": "Feature",
      "geometry": {
        "type": "Polygon",
        "coordinates": [
          [
            [
              5.91123518743708,
              55.416340594270174
            ],
            [
              5.912492828834847,
              55.416340594270174
            ],
            [
              5.912492828834847,
              55.41526261592923
            ],
            [
              5.91123518743708,
              55.41526261592923
            ],
            [
              5.91123518743708,
              55.416340594270174
            ]
          ]
        ]
      },
      "properties": {
        "component_id": 362,
        "pixel_count": 77,
        "centroid_x": 5.911942173232115,
        "centroid_y": 55.41571410685774,
        "bbox_min_x": 5.91123518743708,
        "bbox_min_y": 55.41526261592923,
        "bbox_max_x": 5.912492828834847,
        "bbox_max_y": 55.416340594270174,
        "area_km2": 0.0044,
        "georeferenced": true
      }
    },
    {
      "type": "Feature",
      "geometry": {
        "type": "Polygon",
        "coordinates": [
          [
            [
              6.014541445110825,
              55.415172784400816
            ],
            [
              6.0155295919233565,
              55.415172784400816
            ],
            [
              6.0155295919233565,
              55.41454396370194
            ],
            [
              6.014541445110825,
              55.41454396370194
            ],
            [
              6.014541445110825,
              55.415172784400816
            ]
          ]
        ]
      },
      "properties": {
        "component_id": 363,
        "pixel_count": 66,
        "centroid_x": 6.014960658910081,
        "centroid_y": 55.4148311523761,
        "bbox_min_x": 6.014541445110825,
        "bbox_min_y": 55.41454396370194,
        "bbox_max_x": 6.0155295919233565,
        "bbox_max_y": 55.415172784400816,
        "area_km2": 0.0038,
        "georeferenced": true
      }
    },
    {
      "type": "Feature",
      "geometry": {
        "type": "Polygon",
        "coordinates": [
          [
            [
              6.0705963188398835,
              55.41337615383258
            ],
            [
              6.071764128709239,
              55.41337615383258
            ],
            [
              6.071764128709239,
              55.41265750160529
            ],
            [
              6.0705963188398835,
              55.41265750160529
            ],
            [
              6.0705963188398835,
              55.41337615383258
            ]
          ]
        ]
      },
      "properties": {
        "component_id": 364,
        "pixel_count": 86,
        "centroid_x": 6.071211560354239,
        "centroid_y": 55.41304294153533,
        "bbox_min_x": 6.0705963188398835,
        "bbox_min_y": 55.41265750160529,
        "bbox_max_x": 6.071764128709239,
        "bbox_max_y": 55.41337615383258,
        "area_km2": 0.0049,
        "georeferenced": true
      }
    },
    {
      "type": "Feature",
      "geometry": {
        "type": "Polygon",
        "coordinates": [
          [
            [
              6.048407931322131,
              55.41220834396322
            ],
            [
              6.049665572719898,
              55.41220834396322
            ],
            [
              6.049665572719898,
              55.41139986020752
            ],
            [
              6.048407931322131,
              55.41139986020752
            ],
            [
              6.048407931322131,
              55.41220834396322
            ]
          ]
        ]
      },
      "properties": {
        "component_id": 365,
        "pixel_count": 70,
        "centroid_x": 6.048894304883104,
        "centroid_y": 55.41183105154389,
        "bbox_min_x": 6.048407931322131,
        "bbox_min_y": 55.41139986020752,
        "bbox_max_x": 6.049665572719898,
        "bbox_max_y": 55.41220834396322,
        "area_km2": 0.004,
        "georeferenced": true
      }
    },
    {
      "type": "Feature",
      "geometry": {
        "type": "Polygon",
        "coordinates": [
          [
            [
              6.05846906250427,
              55.4120286809064
            ],
            [
              6.060175861544097,
              55.4120286809064
            ],
            [
              6.060175861544097,
              55.41139986020752
            ],
            [
              6.05846906250427,
              55.41139986020752
            ],
            [
              6.05846906250427,
              55.4120286809064
            ]
          ]
        ]
      },
      "properties": {
        "component_id": 366,
        "pixel_count": 91,
        "centroid_x": 6.059432530325479,
        "centroid_y": 55.411724635733314,
        "bbox_min_x": 6.05846906250427,
        "bbox_min_y": 55.41139986020752,
        "bbox_max_x": 6.060175861544097,
        "bbox_max_y": 55.4120286809064,
        "area_km2": 0.0052,
        "georeferenced": true
      }
    },
    {
      "type": "Feature",
      "geometry": {
        "type": "Polygon",
        "coordinates": [
          [
            [
              5.9287523354774105,
              55.41193884937799
            ],
            [
              5.9296506507615305,
              55.41193884937799
            ],
            [
              5.9296506507615305,
              55.41139986020752
            ],
            [
              5.9287523354774105,
              55.41139986020752
            ],
            [
              5.9287523354774105,
              55.41193884937799
            ]
          ]
        ]
      },
      "properties": {
        "component_id": 367,
        "pixel_count": 53,
        "centroid_x": 5.929230307005942,
        "centroid_y": 55.41166088012026,
        "bbox_min_x": 5.9287523354774105,
        "bbox_min_y": 55.41139986020752,
        "bbox_max_x": 5.9296506507615305,
        "bbox_max_y": 55.41193884937799,
        "area_km2": 0.003,
        "georeferenced": true
      }
    },
    {
      "type": "Feature",
      "geometry": {
        "type": "Polygon",
        "coordinates": [
          [
            [
              5.917253899840681,
              55.41157952326434
            ],
            [
              5.918511541238448,
              55.41157952326434
            ],
            [
              5.918511541238448,
              55.41095070256546
            ],
            [
              5.917253899840681,
              55.41095070256546
            ],
            [
              5.917253899840681,
              55.41157952326434
            ]
          ]
        ]
      },
      "properties": {
        "component_id": 368,
        "pixel_count": 61,
        "centroid_x": 5.917906282907673,
        "centroid_y": 55.41122314244671,
        "bbox_min_x": 5.917253899840681,
        "bbox_min_y": 55.41095070256546,
        "bbox_max_x": 5.918511541238448,
        "bbox_max_y": 55.41157952326434,
        "area_km2": 0.0035,
        "georeferenced": true
      }
    },
    {
      "type": "Feature",
      "geometry": {
        "type": "Polygon",
        "coordinates": [
          [
            [
              6.0193025161166585,
              55.41023205033816
            ],
            [
              6.021188978213309,
              55.41023205033816
            ],
            [
              6.021188978213309,
              55.40888457741198
            ],
            [
              6.0193025161166585,
              55.40888457741198
            ],
            [
              6.0193025161166585,
              55.41023205033816
            ]
          ]
        ]
      },
      "properties": {
        "component_id": 369,
        "pixel_count": 122,
        "centroid_x": 6.0201802143286836,
        "centroid_y": 55.4096297373034,
        "bbox_min_x": 6.0193025161166585,
        "bbox_min_y": 55.40888457741198,
        "bbox_max_x": 6.021188978213309,
        "bbox_max_y": 55.41023205033816,
        "area_km2": 0.0069,
        "georeferenced": true
      }
    },
    {
      "type": "Feature",
      "geometry": {
        "type": "Polygon",
        "coordinates": [
          [
            [
              6.06080468224298,
              55.409423566582454
            ],
            [
              6.062062323640747,
              55.409423566582454
            ],
            [
              6.062062323640747,
              55.40843541976992
            ],
            [
              6.06080468224298,
              55.40843541976992
            ],
            [
              6.06080468224298,
              55.409423566582454
            ]
          ]
        ]
      },
      "properties": {
        "component_id": 370,
        "pixel_count": 64,
        "centroid_x": 6.061520527235013,
        "centroid_y": 55.408890191882506,
        "bbox_min_x": 6.06080468224298,
        "bbox_min_y": 55.40843541976992,
        "bbox_max_x": 6.062062323640747,
        "bbox_max_y": 55.409423566582454,
        "area_km2": 0.0036,
        "georeferenced": true
      }
    },
    {
      "type": "Feature",
      "geometry": {
        "type": "Polygon",
        "coordinates": [
          [
            [
              5.966571408938843,
              55.40915407199722
            ],
            [
              5.96827820797867,
              55.40915407199722
            ],
            [
              5.96827820797867,
              55.40807609365628
            ],
            [
              5.966571408938843,
              55.40807609365628
            ],
            [
              5.966571408938843,
              55.40915407199722
            ]
          ]
        ]
      },
      "properties": {
        "component_id": 371,
        "pixel_count": 85,
        "centroid_x": 5.967532077872095,
        "centroid_y": 55.4086298786079,
        "bbox_min_x": 5.966571408938843,
        "bbox_min_y": 55.40807609365628,
        "bbox_max_x": 5.96827820797867,
        "bbox_max_y": 55.40915407199722,
        "area_km2": 0.0048,
        "georeferenced": true
      }
    },
    {
      "type": "Feature",
      "geometry": {
        "type": "Polygon",
        "coordinates": [
          [
            [
              5.910157209096137,
              55.40906424046881
            ],
            [
              5.91123518743708,
              55.40906424046881
            ],
            [
              5.91123518743708,
              55.408255756713096
            ],
            [
              5.910157209096137,
              55.408255756713096
            ],
            [
              5.910157209096137,
              55.40906424046881
            ]
          ]
        ]
      },
      "properties": {
        "component_id": 372,
        "pixel_count": 60,
        "centroid_x": 5.910631819004579,
        "centroid_y": 55.4087288694294,
        "bbox_min_x": 5.910157209096137,
        "bbox_min_y": 55.408255756713096,
        "bbox_max_x": 5.91123518743708,
        "bbox_max_y": 55.40906424046881,
        "area_km2": 0.0034,
        "georeferenced": true
      }
    },
    {
      "type": "Feature",
      "geometry": {
        "type": "Polygon",
        "coordinates": [
          [
            [
              6.07688452582872,
              55.408255756713096
            ],
            [
              6.077872672641251,
              55.408255756713096
            ],
            [
              6.077872672641251,
              55.40780659907104
            ],
            [
              6.07688452582872,
              55.40780659907104
            ],
            [
              6.07688452582872,
              55.408255756713096
            ]
          ]
        ]
      },
      "properties": {
        "component_id": 373,
        "pixel_count": 52,
        "centroid_x": 6.0774200599404065,
        "centroid_y": 55.40806227342114,
        "bbox_min_x": 6.07688452582872,
        "bbox_min_y": 55.40780659907104,
        "bbox_max_x": 6.077872672641251,
        "bbox_max_y": 55.408255756713096,
        "area_km2": 0.003,
        "georeferenced": true
      }
    },
    {
      "type": "Feature",
      "geometry": {
        "type": "Polygon",
        "coordinates": [
          [
            [
              5.940879591813024,
              55.407267609900565
            ],
            [
              5.942316896267616,
              55.407267609900565
            ],
            [
              5.942316896267616,
              55.40654895767327
            ],
            [
              5.940879591813024,
              55.40654895767327
            ],
            [
              5.940879591813024,
              55.407267609900565
            ]
          ]
        ]
      },
      "properties": {
        "component_id": 374,
        "pixel_count": 76,
        "centroid_x": 5.941659707717654,
        "centroid_y": 55.40693428765041,
        "bbox_min_x": 5.940879591813024,
        "bbox_min_y": 55.40654895767327,
        "bbox_max_x": 5.942316896267616,
        "bbox_max_y": 55.407267609900565,
        "area_km2": 0.0043,
        "georeferenced": true
      }
    },
    {
      "type": "Feature",
      "geometry": {
        "type": "Polygon",
        "coordinates": [
          [
            [
              5.939891445000493,
              55.40699811531533
            ],
            [
              5.940879591813024,
              55.40699811531533
            ],
            [
              5.940879591813024,
              55.40627946308803
            ],
            [
              5.939891445000493,
              55.40627946308803
            ],
            [
              5.939891445000493,
              55.40699811531533
            ]
          ]
        ]
      },
      "properties": {
        "component_id": 375,
        "pixel_count": 59,
        "centroid_x": 5.940415208488183,
        "centroid_y": 55.40663269892857,
        "bbox_min_x": 5.939891445000493,
        "bbox_min_y": 55.40627946308803,
        "bbox_max_x": 5.940879591813024,
        "bbox_max_y": 55.40699811531533,
        "area_km2": 0.0034,
        "georeferenced": true
      }
    },
    {
      "type": "Feature",
      "geometry": {
        "type": "Polygon",
        "coordinates": [
          [
            [
              5.985525861433764,
              55.40556081086074
            ],
            [
              5.986603839774708,
              55.40556081086074
            ],
            [
              5.986603839774708,
              55.40502182169027
            ],
            [
              5.985525861433764,
              55.40502182169027
            ],
            [
              5.985525861433764,
              55.40556081086074
            ]
          ]
        ]
      },
      "properties": {
        "component_id": 376,
        "pixel_count": 65,
        "centroid_x": 5.986071760721806,
        "centroid_y": 55.405280260087395,
        "bbox_min_x": 5.985525861433764,
        "bbox_min_y": 55.40502182169027,
        "bbox_max_x": 5.986603839774708,
        "bbox_max_y": 55.40556081086074,
        "area_km2": 0.0037,
        "georeferenced": true
      }
    },
    {
      "type": "Feature",
      "geometry": {
        "type": "Polygon",
        "coordinates": [
          [
            [
              6.003402335587743,
              55.40511165321868
            ],
            [
              6.004390482400274,
              55.40511165321868
            ],
            [
              6.004390482400274,
              55.40466249557662
            ],
            [
              6.003402335587743,
              55.40466249557662
            ],
            [
              6.003402335587743,
              55.40511165321868
            ]
          ]
        ]
      },
      "properties": {
        "component_id": 377,
        "pixel_count": 56,
        "centroid_x": 6.003886784187393,
        "centroid_y": 55.40490471987645,
        "bbox_min_x": 6.003402335587743,
        "bbox_min_y": 55.40466249557662,
        "bbox_max_x": 6.004390482400274,
        "bbox_max_y": 55.40511165321868,
        "area_km2": 0.0032,
        "georeferenced": true
      }
    },
    {
      "type": "Feature",
      "geometry": {
        "type": "Polygon",
        "coordinates": [
          [
            [
              6.039334946952524,
              55.40457266404821
            ],
            [
              6.040323093765055,
              55.40457266404821
            ],
            [
              6.040323093765055,
              55.403764180292505
            ],
            [
              6.039334946952524,
              55.403764180292505
            ],
            [
              6.039334946952524,
              55.40457266404821
            ]
          ]
        ]
      },
      "properties": {
        "component_id": 378,
        "pixel_count": 57,
        "centroid_x": 6.039755736743506,
        "centroid_y": 55.40421491392629,
        "bbox_min_x": 6.039334946952524,
        "bbox_min_y": 55.403764180292505,
        "bbox_max_x": 6.040323093765055,
        "bbox_max_y": 55.40457266404821,
        "area_km2": 0.0032,
        "georeferenced": true
      }
    },
    {
      "type": "Feature",
      "geometry": {
        "type": "Polygon",
        "coordinates": [
          [
            [
              5.988490301871359,
              55.40268620195156
            ],
            [
              5.98947844868389,
              55.40268620195156
            ],
            [
              5.98947844868389,
              55.40196754972426
            ],
            [
              5.988490301871359,
              55.40196754972426
            ],
            [
              5.988490301871359,
              55.40268620195156
            ]
          ]
        ]
      },
      "properties": {
        "component_id": 379,
        "pixel_count": 50,
        "centroid_x": 5.988912510054895,
        "centroid_y": 55.40233945225189,
        "bbox_min_x": 5.988490301871359,
        "bbox_min_y": 55.40196754972426,
        "bbox_max_x": 5.98947844868389,
        "bbox_max_y": 55.40268620195156,
        "area_km2": 0.0028,
        "georeferenced": true
      }
    },
    {
      "type": "Feature",
      "geometry": {
        "type": "Polygon",
        "coordinates": [
          [
            [
              6.079040482510607,
              55.4022370443095
            ],
            [
              6.080028629323138,
              55.4022370443095
            ],
            [
              6.080028629323138,
              55.40169805513903
            ],
            [
              6.079040482510607,
              55.40169805513903
            ],
            [
              6.079040482510607,
              55.4022370443095
            ]
          ]
        ]
      },
      "properties": {
        "component_id": 380,
        "pixel_count": 53,
        "centroid_x": 6.079528623646128,
        "centroid_y": 55.401957380117274,
        "bbox_min_x": 6.079040482510607,
        "bbox_min_y": 55.40169805513903,
        "bbox_max_x": 6.080028629323138,
        "bbox_max_y": 55.4022370443095,
        "area_km2": 0.003,
        "georeferenced": true
      }
    },
    {
      "type": "Feature",
      "geometry": {
        "type": "Polygon",
        "coordinates": [
          [
            [
              5.907372431715366,
              55.40187771819585
            ],
            [
              5.909348725340429,
              55.40187771819585
            ],
            [
              5.909348725340429,
              55.4007099083265
            ],
            [
              5.907372431715366,
              55.4007099083265
            ],
            [
              5.907372431715366,
              55.40187771819585
            ]
          ]
        ]
      },
      "properties": {
        "component_id": 381,
        "pixel_count": 123,
        "centroid_x": 5.908248836870604,
        "centroid_y": 55.40127591998925,
        "bbox_min_x": 5.907372431715366,
        "bbox_min_y": 55.4007099083265,
        "bbox_max_x": 5.909348725340429,
        "bbox_max_y": 55.40187771819585,
        "area_km2": 0.007,
        "georeferenced": true
      }
    },
    {
      "type": "Feature",
      "geometry": {
        "type": "Polygon",
        "coordinates": [
          [
            [
              5.976003719422097,
              55.40178788666744
            ],
            [
              5.977081697763041,
              55.40178788666744
            ],
            [
              5.977081697763041,
              55.40097940291173
            ],
            [
              5.976003719422097,
              55.40097940291173
            ],
            [
              5.976003719422097,
              55.40178788666744
            ]
          ]
        ]
      },
      "properties": {
        "component_id": 382,
        "pixel_count": 71,
        "centroid_x": 5.976578135110816,
        "centroid_y": 55.40139439926834,
        "bbox_min_x": 5.976003719422097,
        "bbox_min_y": 55.40097940291173,
        "bbox_max_x": 5.977081697763041,
        "bbox_max_y": 55.40178788666744,
        "area_km2": 0.004,
        "georeferenced": true
      }
    },
    {
      "type": "Feature",
      "geometry": {
        "type": "Polygon",
        "coordinates": [
          [
            [
              5.993790362047664,
              55.40097940291173
            ],
            [
              5.995586992615903,
              55.40097940291173
            ],
            [
              5.995586992615903,
              55.40026075068444
            ],
            [
              5.993790362047664,
              55.40026075068444
            ],
            [
              5.993790362047664,
              55.40097940291173
            ]
          ]
        ]
      },
      "properties": {
        "component_id": 383,
        "pixel_count": 78,
        "centroid_x": 5.99453665474524,
        "centroid_y": 55.400666144248554,
        "bbox_min_x": 5.993790362047664,
        "bbox_min_y": 55.40026075068444,
        "bbox_max_x": 5.995586992615903,
        "bbox_max_y": 55.40097940291173,
        "area_km2": 0.0044,
        "georeferenced": true
      }
    },
    {
      "type": "Feature",
      "geometry": {
        "type": "Polygon",
        "coordinates": [
          [
            [
              5.995856487201139,
              55.400350582212845
            ],
            [
              5.997563286240966,
              55.400350582212845
            ],
            [
              5.997563286240966,
              55.399901424570785
            ],
            [
              5.995856487201139,
              55.399901424570785
            ],
            [
              5.995856487201139,
              55.400350582212845
            ]
          ]
        ]
      },
      "properties": {
        "component_id": 384,
        "pixel_count": 59,
        "centroid_x": 5.996591887679495,
        "centroid_y": 55.40009326817384,
        "bbox_min_x": 5.995856487201139,
        "bbox_min_y": 55.399901424570785,
        "bbox_max_x": 5.997563286240966,
        "bbox_max_y": 55.400350582212845,
        "area_km2": 0.0034,
        "georeferenced": true
      }
    },
    {
      "type": "Feature",
      "geometry": {
        "type": "Polygon",
        "coordinates": [
          [
            [
              6.0122058253721145,
              55.39747597330366
            ],
            [
              6.013643129826705,
              55.39747597330366
            ],
            [
              6.013643129826705,
              55.396577658019545
            ],
            [
              6.0122058253721145,
              55.396577658019545
            ],
            [
              6.0122058253721145,
              55.39747597330366
            ]
          ]
        ]
      },
      "properties": {
        "component_id": 385,
        "pixel_count": 67,
        "centroid_x": 6.0129070476013595,
        "centroid_y": 55.39708580950116,
        "bbox_min_x": 6.0122058253721145,
        "bbox_min_y": 55.396577658019545,
        "bbox_max_x": 6.013643129826705,
        "bbox_max_y": 55.39747597330366,
        "area_km2": 0.0038,
        "georeferenced": true
      }
    },
    {
      "type": "Feature",
      "geometry": {
        "type": "Polygon",
        "coordinates": [
          [
            [
              5.96827820797867,
              55.39711664719002
            ],
            [
              5.969356186319613,
              55.39711664719002
            ],
            [
              5.969356186319613,
              55.39648782649113
            ],
            [
              5.96827820797867,
              55.39648782649113
            ],
            [
              5.96827820797867,
              55.39711664719002
            ]
          ]
        ]
      },
      "properties": {
        "component_id": 386,
        "pixel_count": 71,
        "centroid_x": 5.968850093201799,
        "centroid_y": 55.39680539992256,
        "bbox_min_x": 5.96827820797867,
        "bbox_min_y": 55.39648782649113,
        "bbox_max_x": 5.969356186319613,
        "bbox_max_y": 55.39711664719002,
        "area_km2": 0.004,
        "georeferenced": true
      }
    },
    {
      "type": "Feature",
      "geometry": {
        "type": "Polygon",
        "coordinates": [
          [
            [
              6.029543310355621,
              55.39630816343431
            ],
            [
              6.030441625639741,
              55.39630816343431
            ],
            [
              6.030441625639741,
              55.39540984815019
            ],
            [
              6.029543310355621,
              55.39540984815019
            ],
            [
              6.029543310355621,
              55.39630816343431
            ]
          ]
        ]
      },
      "properties": {
        "component_id": 387,
        "pixel_count": 74,
        "centroid_x": 6.030008249212131,
        "centroid_y": 55.39584443851737,
        "bbox_min_x": 6.029543310355621,
        "bbox_min_y": 55.39540984815019,
        "bbox_max_x": 6.030441625639741,
        "bbox_max_y": 55.39630816343431,
        "area_km2": 0.0042,
        "georeferenced": true
      }
    },
    {
      "type": "Feature",
      "geometry": {
        "type": "Polygon",
        "coordinates": [
          [
            [
              6.056043611237147,
              55.395859005792246
            ],
            [
              6.057301252634915,
              55.395859005792246
            ],
            [
              6.057301252634915,
              55.39523018509337
            ],
            [
              6.056043611237147,
              55.39523018509337
            ],
            [
              6.056043611237147,
              55.395859005792246
            ]
          ]
        ]
      },
      "properties": {
        "component_id": 388,
        "pixel_count": 54,
        "centroid_x": 6.056572619126684,
        "centroid_y": 55.39555790381739,
        "bbox_min_x": 6.056043611237147,
        "bbox_min_y": 55.39523018509337,
        "bbox_max_x": 6.057301252634915,
        "bbox_max_y": 55.395859005792246,
        "area_km2": 0.0031,
        "georeferenced": true
      }
    },
    {
      "type": "Feature",
      "geometry": {
        "type": "Polygon",
        "coordinates": [
          [
            [
              5.950581396881515,
              55.39505052203654
            ],
            [
              5.951659375222459,
              55.39505052203654
            ],
            [
              5.951659375222459,
              55.39451153286607
            ],
            [
              5.950581396881515,
              55.39451153286607
            ],
            [
              5.950581396881515,
              55.39505052203654
            ]
          ]
        ]
      },
      "properties": {
        "component_id": 389,
        "pixel_count": 50,
        "centroid_x": 5.951062893873803,
        "centroid_y": 55.39474509483994,
        "bbox_min_x": 5.950581396881515,
        "bbox_min_y": 55.39451153286607,
        "bbox_max_x": 5.951659375222459,
        "bbox_max_y": 55.39505052203654,
        "area_km2": 0.0028,
        "georeferenced": true
      }
    },
    {
      "type": "Feature",
      "geometry": {
        "type": "Polygon",
        "coordinates": [
          [
            [
              6.064308111851046,
              55.394421701337656
            ],
            [
              6.066014910890874,
              55.394421701337656
            ],
            [
              6.066014910890874,
              55.39361321758195
            ],
            [
              6.064308111851046,
              55.39361321758195
            ],
            [
              6.064308111851046,
              55.394421701337656
            ]
          ]
        ]
      },
      "properties": {
        "component_id": 390,
        "pixel_count": 86,
        "centroid_x": 6.065221050872349,
        "centroid_y": 55.39406550888198,
        "bbox_min_x": 6.064308111851046,
        "bbox_min_y": 55.39361321758195,
        "bbox_max_x": 6.066014910890874,
        "bbox_max_y": 55.394421701337656,
        "area_km2": 0.0049,
        "georeferenced": true
      }
    },
    {
      "type": "Feature",
      "geometry": {
        "type": "Polygon",
        "coordinates": [
          [
            [
              5.980495295842695,
              55.3939725436956
            ],
            [
              5.9820224318256985,
              55.3939725436956
            ],
            [
              5.9820224318256985,
              55.393253891468305
            ],
            [
              5.980495295842695,
              55.393253891468305
            ],
            [
              5.980495295842695,
              55.3939725436956
            ]
          ]
        ]
      },
      "properties": {
        "component_id": 391,
        "pixel_count": 78,
        "centroid_x": 5.981453498812423,
        "centroid_y": 55.39354181303373,
        "bbox_min_x": 5.980495295842695,
        "bbox_min_y": 55.393253891468305,
        "bbox_max_x": 5.9820224318256985,
        "bbox_max_y": 55.3939725436956,
        "area_km2": 0.0044,
        "georeferenced": true
      }
    },
    {
      "type": "Feature",
      "geometry": {
        "type": "Polygon",
        "coordinates": [
          [
            [
              5.941418580983496,
              55.393253891468305
            ],
            [
              5.942227064739203,
              55.393253891468305
            ],
            [
              5.942227064739203,
              55.39262507076942
            ],
            [
              5.941418580983496,
              55.39262507076942
            ],
            [
              5.941418580983496,
              55.393253891468305
            ]
          ]
        ]
      },
      "properties": {
        "component_id": 392,
        "pixel_count": 52,
        "centroid_x": 5.94182282286135,
        "centroid_y": 55.392913568177974,
        "bbox_min_x": 5.941418580983496,
        "bbox_min_y": 55.39262507076942,
        "bbox_max_x": 5.942227064739203,
        "bbox_max_y": 55.393253891468305,
        "area_km2": 0.003,
        "georeferenced": true
      }
    },
    {
      "type": "Feature",
      "geometry": {
        "type": "Polygon",
        "coordinates": [
          [
            [
              6.070955644953531,
              55.39289456535465
            ],
            [
              6.071764128709239,
              55.39289456535465
            ],
            [
              6.071764128709239,
              55.391367429371655
            ],
            [
              6.070955644953531,
              55.391367429371655
            ],
            [
              6.070955644953531,
              55.39289456535465
            ]
          ]
        ]
      },
      "properties": {
        "component_id": 393,
        "pixel_count": 96,
        "centroid_x": 6.071356143851034,
        "centroid_y": 55.39204397307,
        "bbox_min_x": 6.070955644953531,
        "bbox_min_y": 55.391367429371655,
        "bbox_max_x": 6.071764128709239,
        "bbox_max_y": 55.39289456535465,
        "area_km2": 0.0055,
        "georeferenced": true
      }
    },
    {
      "type": "Feature",
      "geometry": {
        "type": "Polygon",
        "coordinates": [
          [
            [
              6.065206427135166,
              55.391996250070534
            ],
            [
              6.0663742370045215,
              55.391996250070534
            ],
            [
              6.0663742370045215,
              55.391367429371655
            ],
            [
              6.065206427135166,
              55.391367429371655
            ],
            [
              6.065206427135166,
              55.391996250070534
            ]
          ]
        ]
      },
      "properties": {
        "component_id": 394,
        "pixel_count": 57,
        "centroid_x": 6.065833671842323,
        "centroid_y": 55.391647955898975,
        "bbox_min_x": 6.065206427135166,
        "bbox_min_y": 55.391367429371655,
        "bbox_max_x": 6.0663742370045215,
        "bbox_max_y": 55.391996250070534,
        "area_km2": 0.0032,
        "georeferenced": true
      }
    },
    {
      "type": "Feature",
      "geometry": {
        "type": "Polygon",
        "coordinates": [
          [
            [
              6.05298933927114,
              55.39163692395689
            ],
            [
              6.054965632896203,
              55.39163692395689
            ],
            [
              6.054965632896203,
              55.39118776631483
            ],
            [
              6.05298933927114,
              55.39118776631483
            ],
            [
              6.05298933927114,
              55.39163692395689
            ]
          ]
        ]
      },
      "properties": {
        "component_id": 395,
        "pixel_count": 85,
        "centroid_x": 6.0540694312951056,
        "centroid_y": 55.39138116831129,
        "bbox_min_x": 6.05298933927114,
        "bbox_min_y": 55.39118776631483,
        "bbox_max_x": 6.054965632896203,
        "bbox_max_y": 55.39163692395689,
        "area_km2": 0.0048,
        "georeferenced": true
      }
    },
    {
      "type": "Feature",
      "geometry": {
        "type": "Polygon",
        "coordinates": [
          [
            [
              6.036370506514929,
              55.391547092428475
            ],
            [
              6.037448484855872,
              55.391547092428475
            ],
            [
              6.037448484855872,
              55.391008103258
            ],
            [
              6.036370506514929,
              55.391008103258
            ],
            [
              6.036370506514929,
              55.391547092428475
            ]
          ]
        ]
      },
      "properties": {
        "component_id": 396,
        "pixel_count": 52,
        "centroid_x": 6.036900858038439,
        "centroid_y": 55.391253412431745,
        "bbox_min_x": 6.036370506514929,
        "bbox_min_y": 55.391008103258,
        "bbox_max_x": 6.037448484855872,
        "bbox_max_y": 55.391547092428475,
        "area_km2": 0.003,
        "georeferenced": true
      }
    },
    {
      "type": "Feature",
      "geometry": {
        "type": "Polygon",
        "coordinates": [
          [
            [
              6.030800951753388,
              55.38975046186024
            ],
            [
              6.031699267037507,
              55.38975046186024
            ],
            [
              6.031699267037507,
              55.38930130421818
            ],
            [
              6.030800951753388,
              55.38930130421818
            ],
            [
              6.030800951753388,
              55.38975046186024
            ]
          ]
        ]
      },
      "properties": {
        "component_id": 397,
        "pixel_count": 51,
        "centroid_x": 6.031204312929983,
        "centroid_y": 55.38953380935054,
        "bbox_min_x": 6.030800951753388,
        "bbox_min_y": 55.38930130421818,
        "bbox_max_x": 6.031699267037507,
        "bbox_max_y": 55.38975046186024,
        "area_km2": 0.0029,
        "georeferenced": true
      }
    },
    {
      "type": "Feature",
      "geometry": {
        "type": "Polygon",
        "coordinates": [
          [
            [
              6.046341806168656,
              55.389480967275
            ],
            [
              6.047329952981188,
              55.389480967275
            ],
            [
              6.047329952981188,
              55.388941978104526
            ],
            [
              6.046341806168656,
              55.388941978104526
            ],
            [
              6.046341806168656,
              55.389480967275
            ]
          ]
        ]
      },
      "properties": {
        "component_id": 398,
        "pixel_count": 58,
        "centroid_x": 6.046938101658976,
        "centroid_y": 55.389243997898326,
        "bbox_min_x": 6.046341806168656,
        "bbox_min_y": 55.388941978104526,
        "bbox_max_x": 6.047329952981188,
        "bbox_max_y": 55.389480967275,
        "area_km2": 0.0033,
        "georeferenced": true
      }
    },
    {
      "type": "Feature",
      "geometry": {
        "type": "Polygon",
        "coordinates": [
          [
            [
              6.049845235776722,
              55.38876231504771
            ],
            [
              6.051192708702901,
              55.38876231504771
            ],
            [
              6.051192708702901,
              55.388223325877235
            ],
            [
              6.049845235776722,
              55.388223325877235
            ],
            [
              6.049845235776722,
              55.38876231504771
            ]
          ]
        ]
      },
      "properties": {
        "component_id": 399,
        "pixel_count": 67,
        "centroid_x": 6.050616177998168,
        "centroid_y": 55.38847941277166,
        "bbox_min_x": 6.049845235776722,
        "bbox_min_y": 55.388223325877235,
        "bbox_max_x": 6.051192708702901,
        "bbox_max_y": 55.38876231504771,
        "area_km2": 0.0038,
        "georeferenced": true
      }
    },
    {
      "type": "Feature",
      "geometry": {
        "type": "Polygon",
        "coordinates": [
          [
            [
              6.048048605208483,
              55.38858265199088
            ],
            [
              6.049126583549427,
              55.38858265199088
            ],
            [
              6.049126583549427,
              55.38759450517835
            ],
            [
              6.048048605208483,
              55.38759450517835
            ],
            [
              6.048048605208483,
              55.38858265199088
            ]
          ]
        ]
      },
      "properties": {
        "component_id": 400,
        "pixel_count": 77,
        "centroid_x": 6.048636593394452,
        "centroid_y": 55.388181326721096,
        "bbox_min_x": 6.048048605208483,
        "bbox_min_y": 55.38759450517835,
        "bbox_max_x": 6.049126583549427,
        "bbox_max_y": 55.38858265199088,
        "area_km2": 0.0044,
        "georeferenced": true
      }
    },
    {
      "type": "Feature",
      "geometry": {
        "type": "Polygon",
        "coordinates": [
          [
            [
              6.020110999872366,
              55.38831315740565
            ],
            [
              6.021188978213309,
              55.38831315740565
            ],
            [
              6.021188978213309,
              55.387774168235175
            ],
            [
              6.020110999872366,
              55.387774168235175
            ],
            [
              6.020110999872366,
              55.38831315740565
            ]
          ]
        ]
      },
      "properties": {
        "component_id": 401,
        "pixel_count": 50,
        "centroid_x": 6.020714667743294,
        "centroid_y": 55.38800773020905,
        "bbox_min_x": 6.020110999872366,
        "bbox_min_y": 55.387774168235175,
        "bbox_max_x": 6.021188978213309,
        "bbox_max_y": 55.38831315740565,
        "area_km2": 0.0028,
        "georeferenced": true
      }
    },
    {
      "type": "Feature",
      "geometry": {
        "type": "Polygon",
        "coordinates": [
          [
            [
              5.967918881865022,
              55.387325010593116
            ],
            [
              5.969086691734377,
              55.387325010593116
            ],
            [
              5.969086691734377,
              55.38660635836582
            ],
            [
              5.967918881865022,
              55.38660635836582
            ],
            [
              5.967918881865022,
              55.387325010593116
            ]
          ]
        ]
      },
      "properties": {
        "component_id": 402,
        "pixel_count": 52,
        "centroid_x": 5.968490694093951,
        "centroid_y": 55.38696222942068,
        "bbox_min_x": 5.967918881865022,
        "bbox_min_y": 55.38660635836582,
        "bbox_max_x": 5.969086691734377,
        "bbox_max_y": 55.387325010593116,
        "area_km2": 0.003,
        "georeferenced": true
      }
    },
    {
      "type": "Feature",
      "geometry": {
        "type": "Polygon",
        "coordinates": [
          [
            [
              5.9995395798660285,
              55.38705551600788
            ],
            [
              6.000797221263796,
              55.38705551600788
            ],
            [
              6.000797221263796,
              55.386067369195345
            ],
            [
              5.9995395798660285,
              55.386067369195345
            ],
            [
              5.9995395798660285,
              55.38705551600788
            ]
          ]
        ]
      },
      "properties": {
        "component_id": 403,
        "pixel_count": 60,
        "centroid_x": 6.000003709429491,
        "centroid_y": 55.386555453833054,
        "bbox_min_x": 5.9995395798660285,
        "bbox_min_y": 55.386067369195345,
        "bbox_max_x": 6.000797221263796,
        "bbox_max_y": 55.38705551600788,
        "area_km2": 0.0034,
        "georeferenced": true
      }
    },
    {
      "type": "Feature",
      "geometry": {
        "type": "Polygon",
        "coordinates": [
          [
            [
              6.056852094992855,
              55.38696568447946
            ],
            [
              6.057750410276974,
              55.38696568447946
            ],
            [
              6.057750410276974,
              55.38615720072376
            ],
            [
              6.056852094992855,
              55.38615720072376
            ],
            [
              6.056852094992855,
              55.38696568447946
            ]
          ]
        ]
      },
      "properties": {
        "component_id": 404,
        "pixel_count": 61,
        "centroid_x": 6.057333650891063,
        "centroid_y": 55.386566596869635,
        "bbox_min_x": 6.056852094992855,
        "bbox_min_y": 55.38615720072376,
        "bbox_max_x": 6.057750410276974,
        "bbox_max_y": 55.38696568447946,
        "area_km2": 0.0035,
        "georeferenced": true
      }
    },
    {
      "type": "Feature",
      "geometry": {
        "type": "Polygon",
        "coordinates": [
          [
            [
              6.044455344072005,
              55.386516526837404
            ],
            [
              6.045802816998184,
              55.386516526837404
            ],
            [
              6.045802816998184,
              55.38597753766693
            ],
            [
              6.044455344072005,
              55.38597753766693
            ],
            [
              6.044455344072005,
              55.386516526837404
            ]
          ]
        ]
      },
      "properties": {
        "component_id": 405,
        "pixel_count": 77,
        "centroid_x": 6.045087664700567,
        "centroid_y": 55.38620853302571,
        "bbox_min_x": 6.044455344072005,
        "bbox_min_y": 55.38597753766693,
        "bbox_max_x": 6.045802816998184,
        "bbox_max_y": 55.386516526837404,
        "area_km2": 0.0044,
        "georeferenced": true
      }
    },
    {
      "type": "Feature",
      "geometry": {
        "type": "Polygon",
        "coordinates": [
          [
            [
              5.946359315046153,
              55.38292326570093
            ],
            [
              5.9471677988018605,
              55.38292326570093
            ],
            [
              5.9471677988018605,
              55.38220461347363
            ],
            [
              5.946359315046153,
              55.38220461347363
            ],
            [
              5.946359315046153,
              55.38292326570093
            ]
          ]
        ]
      },
      "properties": {
        "component_id": 406,
        "pixel_count": 54,
        "centroid_x": 5.946755239189895,
        "centroid_y": 55.38257225732139,
        "bbox_min_x": 5.946359315046153,
        "bbox_min_y": 55.38220461347363,
        "bbox_max_x": 5.9471677988018605,
        "bbox_max_y": 55.38292326570093,
        "area_km2": 0.0031,
        "georeferenced": true
      }
    },
    {
      "type": "Feature",
      "geometry": {
        "type": "Polygon",
        "coordinates": [
          [
            [
              6.008073575065165,
              55.379599499149684
            ],
            [
              6.009151553406108,
              55.379599499149684
            ],
            [
              6.009151553406108,
              55.379150341507625
            ],
            [
              6.008073575065165,
              55.379150341507625
            ],
            [
              6.008073575065165,
              55.379599499149684
            ]
          ]
        ]
      },
      "properties": {
        "component_id": 407,
        "pixel_count": 61,
        "centroid_x": 6.008602255699588,
        "centroid_y": 55.37938891048472,
        "bbox_min_x": 6.008073575065165,
        "bbox_min_y": 55.379150341507625,
        "bbox_max_x": 6.009151553406108,
        "bbox_max_y": 55.379599499149684,
        "area_km2": 0.0035,
        "georeferenced": true
      }
    },
    {
      "type": "Feature",
      "geometry": {
        "type": "Polygon",
        "coordinates": [
          [
            [
              5.947257630330273,
              55.37950966762128
            ],
            [
              5.948694934784864,
              55.37950966762128
            ],
            [
              5.948694934784864,
              55.379150341507625
            ],
            [
              5.947257630330273,
              55.379150341507625
            ],
            [
              5.947257630330273,
              55.37950966762128
            ]
          ]
        ]
      },
      "properties": {
        "component_id": 408,
        "pixel_count": 51,
        "centroid_x": 5.948000942192818,
        "centroid_y": 55.379344095784596,
        "bbox_min_x": 5.947257630330273,
        "bbox_min_y": 55.379150341507625,
        "bbox_max_x": 5.948694934784864,
        "bbox_max_y": 55.37950966762128,
        "area_km2": 0.0029,
        "georeferenced": true
      }
    },
    {
      "type": "Feature",
      "geometry": {
        "type": "Polygon",
        "coordinates": [
          [
            [
              6.065655584777225,
              55.37906050997921
            ],
            [
              6.067003057703405,
              55.37906050997921
            ],
            [
              6.067003057703405,
              55.37807236316668
            ],
            [
              6.065655584777225,
              55.37807236316668
            ],
            [
              6.065655584777225,
              55.37906050997921
            ]
          ]
        ]
      },
      "properties": {
        "component_id": 409,
        "pixel_count": 56,
        "centroid_x": 6.066358195660162,
        "centroid_y": 55.37856964484182,
        "bbox_min_x": 6.065655584777225,
        "bbox_min_y": 55.37807236316668,
        "bbox_max_x": 6.067003057703405,
        "bbox_max_y": 55.37906050997921,
        "area_km2": 0.0032,
        "georeferenced": true
      }
    },
    {
      "type": "Feature",
      "geometry": {
        "type": "Polygon",
        "coordinates": [
          [
            [
              6.035651854287634,
              55.37879101539398
            ],
            [
              6.036909495685401,
              55.37879101539398
            ],
            [
              6.036909495685401,
              55.377982531638274
            ],
            [
              6.035651854287634,
              55.377982531638274
            ],
            [
              6.035651854287634,
              55.37879101539398
            ]
          ]
        ]
      },
      "properties": {
        "component_id": 410,
        "pixel_count": 73,
        "centroid_x": 6.036294211244224,
        "centroid_y": 55.37840461676492,
        "bbox_min_x": 6.035651854287634,
        "bbox_min_y": 55.377982531638274,
        "bbox_max_x": 6.036909495685401,
        "bbox_max_y": 55.37879101539398,
        "area_km2": 0.0042,
        "georeferenced": true
      }
    },
    {
      "type": "Feature",
      "geometry": {
        "type": "Polygon",
        "coordinates": [
          [
            [
              6.058918220146329,
              55.376814721768916
            ],
            [
              6.05990636695886,
              55.376814721768916
            ],
            [
              6.05990636695886,
              55.37636556412686
            ],
            [
              6.058918220146329,
              55.37636556412686
            ],
            [
              6.058918220146329,
              55.376814721768916
            ]
          ]
        ]
      },
      "properties": {
        "component_id": 411,
        "pixel_count": 50,
        "centroid_x": 6.059426666597141,
        "centroid_y": 55.3766009227313,
        "bbox_min_x": 6.058918220146329,
        "bbox_min_y": 55.37636556412686,
        "bbox_max_x": 6.05990636695886,
        "bbox_max_y": 55.376814721768916,
        "area_km2": 0.0028,
        "georeferenced": true
      }
    },
    {
      "type": "Feature",
      "geometry": {
        "type": "Polygon",
        "coordinates": [
          [
            [
              6.077423514999191,
              55.375377417314326
            ],
            [
              6.078411661811723,
              55.375377417314326
            ],
            [
              6.078411661811723,
              55.37483842814385
            ],
            [
              6.077423514999191,
              55.37483842814385
            ],
            [
              6.077423514999191,
              55.375377417314326
            ]
          ]
        ]
      },
      "properties": {
        "component_id": 412,
        "pixel_count": 54,
        "centroid_x": 6.077920915499102,
        "centroid_y": 55.37513786657189,
        "bbox_min_x": 6.077423514999191,
        "bbox_min_y": 55.37483842814385,
        "bbox_max_x": 6.078411661811723,
        "bbox_max_y": 55.375377417314326,
        "area_km2": 0.0031,
        "georeferenced": true
      }
    },
    {
      "type": "Feature",
      "geometry": {
        "type": "Polygon",
        "coordinates": [
          [
            [
              6.041580735162823,
              55.37528758578591
            ],
            [
              6.042568881975354,
              55.37528758578591
            ],
            [
              6.042568881975354,
              55.37492825967227
            ],
            [
              6.041580735162823,
              55.37492825967227
            ],
            [
              6.041580735162823,
              55.37528758578591
            ]
          ]
        ]
      },
      "properties": {
        "component_id": 413,
        "pixel_count": 53,
        "centroid_x": 6.042097690184816,
        "centroid_y": 55.37510453286009,
        "bbox_min_x": 6.041580735162823,
        "bbox_min_y": 55.37492825967227,
        "bbox_max_x": 6.042568881975354,
        "bbox_max_y": 55.37528758578591,
        "area_km2": 0.003,
        "georeferenced": true
      }
    },
    {
      "type": "Feature",
      "geometry": {
        "type": "Polygon",
        "coordinates": [
          [
            [
              6.000527726678561,
              55.37187398770626
            ],
            [
              6.001965031133151,
              55.37187398770626
            ],
            [
              6.001965031133151,
              55.37133499853579
            ],
            [
              6.000527726678561,
              55.37133499853579
            ],
            [
              6.000527726678561,
              55.37187398770626
            ]
          ]
        ]
      },
      "properties": {
        "component_id": 414,
        "pixel_count": 69,
        "centroid_x": 6.001134414971894,
        "centroid_y": 55.37159928549619,
        "bbox_min_x": 6.000527726678561,
        "bbox_min_y": 55.37133499853579,
        "bbox_max_x": 6.001965031133151,
        "bbox_max_y": 55.37187398770626,
        "area_km2": 0.0039,
        "georeferenced": true
      }
    },
    {
      "type": "Feature",
      "geometry": {
        "type": "Polygon",
        "coordinates": [
          [
            [
              6.006995596724221,
              55.37151466159261
            ],
            [
              6.0084329011788125,
              55.37151466159261
            ],
            [
              6.0084329011788125,
              55.3707061778369
            ],
            [
              6.006995596724221,
              55.3707061778369
            ],
            [
              6.006995596724221,
              55.37151466159261
            ]
          ]
        ]
      },
      "properties": {
        "component_id": 415,
        "pixel_count": 102,
        "centroid_x": 6.007675498096123,
        "centroid_y": 55.37114564776512,
        "bbox_min_x": 6.006995596724221,
        "bbox_min_y": 55.3707061778369,
        "bbox_max_x": 6.0084329011788125,
        "bbox_max_y": 55.37151466159261,
        "area_km2": 0.0058,
        "georeferenced": true
      }
    },
    {
      "type": "Feature",
      "geometry": {
        "type": "Polygon",
        "coordinates": [
          [
            [
              5.944652516006326,
              55.36926887338231
            ],
            [
              5.94528133670521,
              55.36926887338231
            ],
            [
              5.94528133670521,
              55.36855022115502
            ],
            [
              5.944652516006326,
              55.36855022115502
            ],
            [
              5.944652516006326,
              55.36926887338231
            ]
          ]
        ]
      },
      "properties": {
        "component_id": 416,
        "pixel_count": 50,
        "centroid_x": 5.945011842119974,
        "centroid_y": 55.36892931020491,
        "bbox_min_x": 5.944652516006326,
        "bbox_min_y": 55.36855022115502,
        "bbox_max_x": 5.94528133670521,
        "bbox_max_y": 55.36926887338231,
        "area_km2": 0.0028,
        "georeferenced": true
      }
    },
    {
      "type": "Feature",
      "geometry": {
        "type": "Polygon",
        "coordinates": [
          [
            [
              6.0319687616227435,
              55.36899937879708
            ],
            [
              6.033226403020511,
              55.36899937879708
            ],
            [
              6.033226403020511,
              55.36837055809819
            ],
            [
              6.0319687616227435,
              55.36837055809819
            ],
            [
              6.0319687616227435,
              55.36899937879708
            ]
          ]
        ]
      },
      "properties": {
        "component_id": 417,
        "pixel_count": 57,
        "centroid_x": 6.032545574594652,
        "centroid_y": 55.368712548302845,
        "bbox_min_x": 6.0319687616227435,
        "bbox_min_y": 55.36837055809819,
        "bbox_max_x": 6.033226403020511,
        "bbox_max_y": 55.36899937879708,
        "area_km2": 0.0032,
        "georeferenced": true
      }
    },
    {
      "type": "Feature",
      "geometry": {
        "type": "Polygon",
        "coordinates": [
          [
            [
              6.073740422334302,
              55.36684342211519
            ],
            [
              6.075626884430952,
              55.36684342211519
            ],
            [
              6.075626884430952,
              55.366304432944716
            ],
            [
              6.073740422334302,
              55.366304432944716
            ],
            [
              6.073740422334302,
              55.36684342211519
            ]
          ]
        ]
      },
      "properties": {
        "component_id": 418,
        "pixel_count": 76,
        "centroid_x": 6.0745973678356,
        "centroid_y": 55.36657274553616,
        "bbox_min_x": 6.073740422334302,
        "bbox_min_y": 55.366304432944716,
        "bbox_max_x": 6.075626884430952,
        "bbox_max_y": 55.36684342211519,
        "area_km2": 0.0043,
        "georeferenced": true
      }
    },
    {
      "type": "Feature",
      "geometry": {
        "type": "Polygon",
        "coordinates": [
          [
            [
              6.05298933927114,
              55.366573927529956
            ],
            [
              6.05388765455526,
              55.366573927529956
            ],
            [
              6.05388765455526,
              55.365765443774244
            ],
            [
              6.05298933927114,
              55.365765443774244
            ],
            [
              6.05298933927114,
              55.366573927529956
            ]
          ]
        ]
      },
      "properties": {
        "component_id": 419,
        "pixel_count": 54,
        "centroid_x": 6.0533919176021715,
        "centroid_y": 55.36616469501163,
        "bbox_min_x": 6.05298933927114,
        "bbox_min_y": 55.365765443774244,
        "bbox_max_x": 6.05388765455526,
        "bbox_max_y": 55.366573927529956,
        "area_km2": 0.0031,
        "georeferenced": true
      }
    },
    {
      "type": "Feature",
      "geometry": {
        "type": "Polygon",
        "coordinates": [
          [
            [
              6.05254018162908,
              55.36432813931965
            ],
            [
              6.053977486083672,
              55.36432813931965
            ],
            [
              6.053977486083672,
              55.363699318620775
            ],
            [
              6.05254018162908,
              55.363699318620775
            ],
            [
              6.05254018162908,
              55.36432813931965
            ]
          ]
        ]
      },
      "properties": {
        "component_id": 420,
        "pixel_count": 54,
        "centroid_x": 6.053348665384788,
        "centroid_y": 55.363975467393296,
        "bbox_min_x": 6.05254018162908,
        "bbox_min_y": 55.363699318620775,
        "bbox_max_x": 6.053977486083672,
        "bbox_max_y": 55.36432813931965,
        "area_km2": 0.0031,
        "georeferenced": true
      }
    },
    {
      "type": "Feature",
      "geometry": {
        "type": "Polygon",
        "coordinates": [
          [
            [
              6.057391084163326,
              55.36360948709236
            ],
            [
              6.059008051674741,
              55.36360948709236
            ],
            [
              6.059008051674741,
              55.362711171808236
            ],
            [
              6.057391084163326,
              55.362711171808236
            ],
            [
              6.057391084163326,
              55.36360948709236
            ]
          ]
        ]
      },
      "properties": {
        "component_id": 421,
        "pixel_count": 91,
        "centroid_x": 6.058337770270437,
        "centroid_y": 55.363016204140976,
        "bbox_min_x": 6.057391084163326,
        "bbox_min_y": 55.362711171808236,
        "bbox_max_x": 6.059008051674741,
        "bbox_max_y": 55.36360948709236,
        "area_km2": 0.0052,
        "georeferenced": true
      }
    },
    {
      "type": "Feature",
      "geometry": {
        "type": "Polygon",
        "coordinates": [
          [
            [
              6.007714248951516,
              55.36217218263777
            ],
            [
              6.008882058820872,
              55.36217218263777
            ],
            [
              6.008882058820872,
              55.36118403582524
            ],
            [
              6.007714248951516,
              55.36118403582524
            ],
            [
              6.007714248951516,
              55.36217218263777
            ]
          ]
        ]
      },
      "properties": {
        "component_id": 422,
        "pixel_count": 70,
        "centroid_x": 6.008185222821905,
        "centroid_y": 55.36167939253905,
        "bbox_min_x": 6.007714248951516,
        "bbox_min_y": 55.36118403582524,
        "bbox_max_x": 6.008882058820872,
        "bbox_max_y": 55.36217218263777,
        "area_km2": 0.004,
        "georeferenced": true
      }
    },
    {
      "type": "Feature",
      "geometry": {
        "type": "Polygon",
        "coordinates": [
          [
            [
              6.03960444153776,
              55.36064504665477
            ],
            [
              6.041401072105999,
              55.36064504665477
            ],
            [
              6.041401072105999,
              55.359656899842236
            ],
            [
              6.03960444153776,
              55.359656899842236
            ],
            [
              6.03960444153776,
              55.36064504665477
            ]
          ]
        ]
      },
      "properties": {
        "component_id": 423,
        "pixel_count": 122,
        "centroid_x": 6.040512329033923,
        "centroid_y": 55.360148027952484,
        "bbox_min_x": 6.03960444153776,
        "bbox_min_y": 55.359656899842236,
        "bbox_max_x": 6.041401072105999,
        "bbox_max_y": 55.36064504665477,
        "area_km2": 0.007,
        "georeferenced": true
      }
    },
    {
      "type": "Feature",
      "geometry": {
        "type": "Polygon",
        "coordinates": [
          [
            [
              5.995497161087491,
              55.360285720541114
            ],
            [
              5.996485307900023,
              55.360285720541114
            ],
            [
              5.996485307900023,
              55.359656899842236
            ],
            [
              5.995497161087491,
              55.359656899842236
            ],
            [
              5.995497161087491,
              55.360285720541114
            ]
          ]
        ]
      },
      "properties": {
        "component_id": 424,
        "pixel_count": 55,
        "centroid_x": 5.996052483263129,
        "centroid_y": 55.35997212684193,
        "bbox_min_x": 5.995497161087491,
        "bbox_min_y": 55.359656899842236,
        "bbox_max_x": 5.996485307900023,
        "bbox_max_y": 55.360285720541114,
        "area_km2": 0.0031,
        "georeferenced": true
      }
    }
  ]
}